"","Shrub_ID","D1","D2","H","Volume","S.density grouping","Canopy","Skat.2013","Skat.2014","X","Y","RDM.2013","RDM.2014","Shrub.density","Dx","Burrows","Trails","newcolumn","lat","lng"
"1",1,5.1,3.5,1.6,14.95,2,7,1,0,697268,4062667,0.582728,1.035004,0.002228,NA,NA,NA,-120.79202196369,36.6892011587405,-120.79202196369
"2",2,2.6,2.8,1.1,4.19,2,10,0,0,697272.9,4062667,1.087433,0.77067,0.00228,NA,NA,NA,-120.791967155968,36.6892001419135,-120.791967155968
"3",3,2.8,1.6,1.4,3.28,2,8,0,0,697277.7,4062676,1.551373,1.020898,0.002723,NA,NA,NA,-120.791911147679,36.6892802195217,-120.791911147679
"4",4,3.4,2.9,1.5,7.74,2,6,0,0,697282.6,4062685,2.562837,0.965564,0.002855,NA,NA,NA,-120.791854020744,36.6893602763457,-120.791854020744
"5",5,2.9,3.6,1.5,8.2,2,4,0,0,697277.6,4062696,6.442046,1.278202,0.003084,NA,NA,NA,-120.791907112632,36.6894604040653,-120.791907112632
"6",6,2.7,2.6,0.8,2.94,2,5,0,0,697277.4,4062707,8.62802,1.68733,0.002633,NA,NA,NA,-120.791906515208,36.689559535653,-120.791906515208
"7",7,2.3,1.7,1,2.05,2,6,0,0,697283.8,4062713,9.759581,1.32123,0.002538,NA,NA,NA,-120.791833383149,36.6896122565996,-120.791833383149
"8",8,2.5,2.6,1.6,5.45,2,3,0,0,697286.3,4062702,7.915065,0.997402,0.002855,NA,NA,NA,-120.791808254496,36.6895126476892,-120.791808254496
"9",9,2.9,2.3,1.1,3.84,2,6,0,0,697285.1,4062697,5.02772,0.992734,0.00247,NA,NA,NA,-120.791822965298,36.6894678557859,-120.791822965298
"10",10,3.1,3.6,1.8,10.52,2,7,0,0,697271.1,4062726,6.834246,2.036531,0.002015,18.19333,3,0,-120.791972086805,36.6897319986451,-120.791972086805
"11",11,2.5,2.8,1,3.67,2,2,0,0,697290.1,4062731,4.187088,1.928269,0.001639,NA,NA,NA,-120.791758277129,36.689773096509,-120.791758277129
"12",12,1.5,1.3,0.8,0.82,2,8,0,0,697267.3,4062755,5.409974,2.298109,0.001698,NA,NA,NA,-120.792007118572,36.6899940247083,-120.792007118572
"13",13,2.2,2.2,1.3,3.29,2,8,0,0,697269.4,4062761,6.942149,2.089687,0.002105,15.76667,4,4,-120.79198208325,36.6900476380516,-120.79198208325
"14",14,2,2.3,1.3,3.13,2,9,0,0,697256.9,4062761,6.150329,1.580214,0.003119,NA,NA,NA,-120.792121900409,36.6900502319815,-120.792121900409
"15",15,5.2,4.1,1.8,20.09,2,3,0,0,697242.4,4062761,2.945754,1.721379,0.003434,NA,NA,NA,-120.792284088335,36.6900532407347,-120.792284088335
"16",16,3.1,3.5,1.5,8.52,2,3,0,0,697231.8,4062776,5.59988,1.425695,0.003741,NA,NA,NA,-120.79239878889,36.6901905629685,-120.79239878889
"17",17,4.78,6.2,2.15,33.36,2,4.5,0,0,697231.5,4062771,6.290275,1.413708,0.003314,NA,NA,NA,-120.792403432652,36.6901455842564,-120.792403432652
"18",18,4,3.5,1.8,13.19,2,5,0,0,697232.4,4062765,2.876214,1.829806,0.002817,NA,NA,NA,-120.792394911577,36.6900913483741,-120.792394911577
"19",19,5,4.7,1.8,22.15,2,6,0,0,697232.6,4062724,2.367727,1.932037,0.000952,NA,NA,NA,-120.792403237196,36.6897219710174,-120.792403237196
"20",20,5.5,6.4,2,36.86,2,4,0,0,697229.1,4062706,1.968563,1.596902,0.000952,NA,NA,NA,-120.792447022983,36.6895605497272,-120.792447022983
"21",21,2.1,1.7,1.8,3.36,2,5,0,0,697229.1,4062706,1.968563,1.596902,0.000952,NA,NA,NA,-120.792447022983,36.6895605497272,-120.792447022983
"22",22,3.3,3.1,1.5,8.03,2,9,0,0,697256.5,4062657,0.057823,0.654189,0.001586,NA,NA,NA,-120.792153170552,36.6891134631584,-120.792153170552
"23",23,4.3,3.6,1.4,11.35,2,8,0,0,697262.8,4062642,1.02173,0.160402,0.001586,NA,NA,NA,-120.792086568383,36.6889770330185,-120.792086568383
"24",24,4.7,3.1,1.5,11.44,2,5,0,0,697273.7,4062622,1.086491,0.33402,0.000634,NA,NA,NA,-120.791969802865,36.6887946073282,-120.791969802865
"25",25,4.3,3.8,1.5,12.83,2,8,0,0,697274.5,4062790,3.847068,2.833236,0.003074,NA,NA,NA,-120.791917564994,36.6903078171448,-120.791917564994
"26",26,2.7,2.7,1,3.82,2,8,0,0,697294.4,4062774,12.52004,1.441747,0.001347,NA,NA,NA,-120.791699098758,36.690159556133,-120.791699098758
"27",27,4.1,3.7,1.2,9.53,2,7,0,0,697288,4062793,6.825845,2.879024,0.001644,15.35,7,3,-120.791765788868,36.6903320399792,-120.791765788868
"28",28,3.6,3.6,1.2,8.14,2,8,0,0,697279.9,4062802,2.930839,3.164548,0.002358,NA,NA,NA,-120.791854071455,36.6904147947296,-120.791854071455
"29",29,2.6,2.4,1.2,3.92,2,0,0,0,697295.8,4062813,3.71781,2.434757,0.002397,NA,NA,NA,-120.791673388346,36.6905105848456,-120.791673388346
"30",30,4.7,3.9,1.5,14.4,2,7,0,0,697304.8,4062827,4.678004,3.105525,0.001509,NA,NA,NA,-120.791569111209,36.6906348314328,-120.791569111209
"31",31,5.3,4.3,1.8,21.48,2,7,0,0,697307.9,4062838,10.89519,3.462648,0.002467,NA,NA,NA,-120.791531601218,36.6907332780218,-120.791531601218
"32",32,2.9,2.9,1.1,4.84,2,10,0,0,697309.7,4062845,5.155794,3.725801,0.002469,NA,NA,NA,-120.791509663209,36.6907959616954,-120.791509663209
"33",33,2.3,2.3,1.2,3.32,2,9,0,0,697267.5,4062819,7.427756,2.468369,0.003727,NA,NA,NA,-120.791988390168,36.6905705072817,-120.791988390168
"34",34,2.2,2.4,1,2.76,2,7,0,0,697266,4062833,9.571037,2.002275,0.004001,NA,NA,NA,-120.792001560826,36.6906969331998,-120.792001560826
"35",35,1.5,1.7,1,1.34,2,10,0,0,697262.8,4062835,10.96362,2.300938,0.003916,NA,NA,NA,-120.792036838966,36.6907156136423,-120.792036838966
"36",36,1,0.6,0.7,0.22,2,10,0,0,697264.1,4062831,9.775493,2.197652,0.00384,NA,NA,NA,-120.792023328567,36.6906793111137,-120.792023328567
"37",37,4.1,3.5,1.7,12.77,2,8,0,0,697268.7,4062837,11.54685,2.353012,0.004024,NA,NA,NA,-120.791970329331,36.6907324056375,-120.791970329331
"38",38,3.2,2.6,1.2,5.23,2,8,0,0,697275,4062836,11.28787,2.388952,0.003954,NA,NA,NA,-120.791900118558,36.6907220900194,-120.791900118558
"39",39,1.7,2.1,1.1,2.06,2,7,0,0,697280.1,4062847,12.60861,3.032648,0.005116,NA,NA,NA,-120.791840237971,36.6908201216502,-120.791840237971
"40",40,2,2,0.7,1.47,2,9,0,0,697260.4,4062847,15.45697,2.992639,0.004441,NA,NA,NA,-120.792060592004,36.6908242099453,-120.792060592004
"41",41,5.7,6.6,3.6,70.91,2,10,0,0,697238.1,4062839,13.43883,2.506488,0.002905,NA,NA,NA,-120.79231208951,36.6907567718019,-120.79231208951
"42",42,2.9,2.7,1.3,5.33,2,2,0,0,697240.5,4062840,15.29261,2.628044,0.002854,NA,NA,NA,-120.792284986717,36.6907652820045,-120.792284986717
"43",43,4.2,4.3,1.5,14.18,2,5,0,0,697224.9,4062819,7.375298,0.921905,0.002222,NA,NA,NA,-120.792464890346,36.6905793468041,-120.792464890346
"44",44,4.4,3.4,2,15.67,2,4,0,0,697225.6,4062809,6.674341,0.559674,0.002533,5.4,2,3,-120.792459636785,36.6904891196578,-120.792459636785
"45",45,2.2,2.1,1.5,3.63,2,6,0,0,697222.3,4062805,5.762494,0.605807,0.002778,NA,NA,NA,-120.792497579217,36.6904537715644,-120.792497579217
"46",46,3.2,3.3,1.9,10.51,2,6,0,0,697221.1,4062801,5.901784,0.740229,0.003096,NA,NA,NA,-120.792512032213,36.6904179877666,-120.792512032213
"47",47,3.7,2.8,1.3,7.05,2,8,0,0,697249.5,4062805,5.302103,1.843935,0.004178,NA,NA,NA,-120.792193335436,36.69044812787,-120.792193335436
"48",48,4,4.4,1.1,10.14,2,6,0,0,697251.7,4062790,5.170566,2.04847,0.003874,8.19,0,2,-120.792172592352,36.6903125485165,-120.792172592352
"49",49,3,2.6,0.9,3.68,2,7,0,0,697248.1,4062781,5.038375,2.058034,0.004048,7.85,1,2,-120.7922151787,36.690232221815,-120.7922151787
"50",50,4.5,3.6,1.8,15.27,2,5,0,0,697244.3,4062786,5.605895,1.926244,0.00441,5.07,2,3,-120.79225639499,36.6902780512589,-120.79225639499
"51",51,3.5,3.6,1.6,10.56,2,5,0,0,697238.1,4062788,7.529346,1.778472,0.003914,10.03,2,5,-120.792325229241,36.6902973540971,-120.792325229241
"52",52,5.9,6.6,2.1,42.82,2,7,0,0,697205.2,4062781,2.609853,1.498072,0.001785,16.79,4,8,-120.792695032485,36.6902411225968,-120.792695032485
"53",53,4.1,4,0.9,7.73,2,4,0,0,697279.5,4062852,12.70314,3.408957,0.004771,NA,NA,NA,-120.791845660761,36.6908652871076,-120.791845660761
"54",54,2,2.8,0.8,2.35,2,7,0,0,697286.8,4062858,12.17282,3.690042,0.004428,NA,NA,NA,-120.791762460432,36.6909178211724,-120.791762460432
"55",55,3.9,2.7,1.5,8.27,2,7,0,0,697305.5,4062862,8.852052,4.518601,0.003172,NA,NA,NA,-120.791552260731,36.6909499726228,-120.791552260731
"56",56,4.6,3.7,1.5,13.37,2,4,0,0,697313.9,4062875,12.25582,3.524013,0.003172,NA,NA,NA,-120.791454951831,36.6910653354302,-120.791454951831
"57",57,2,2.2,0.8,1.84,2,5,0,0,697288.7,4062878,15.69739,4.865008,0.003936,NA,NA,NA,-120.791736053711,36.6910975905543,-120.791736053711
"58",58,2.4,3.4,1,4.27,2,5,0,0,697287.5,4062877,15.22667,4.88154,0.004037,NA,NA,NA,-120.791749734051,36.6910888314265,-120.791749734051
"59",59,5.4,2.7,1.1,8.4,2,3,0,0,697282.3,4062877,13.77204,5.131549,0.004301,NA,NA,NA,-120.791807898762,36.6910899106609,-120.791807898762
"60",60,3.1,2.3,1.3,4.85,2,6,0,0,697269,4062863,9.003207,4.407446,0.004524,NA,NA,NA,-120.791960273848,36.6909665562585,-120.791960273848
"61",61,2.8,2.7,1,3.96,2,9,0,0,697261.4,4062889,10.84455,5.427656,0.002696,NA,NA,NA,-120.792038584027,36.6912023463186,-120.792038584027
"62",62,3.2,2.7,1.2,5.43,2,4,0,0,697261.1,4062897,7.422729,5.460684,0.002294,NA,NA,NA,-120.792039878242,36.6912744740751,-120.792039878242
"63",63,2.9,2.5,1.2,4.56,2,7,0,0,697299.3,4062896,12.97734,4.082183,0.002855,NA,NA,NA,-120.791612848043,36.691257537805,-120.791612848043
"64",64,2.4,2.2,1.1,3.04,2,5,0,0,697297.5,4062897,14.0338,4.145676,0.002855,NA,NA,NA,-120.791632724295,36.691266919599,-120.791632724295
"65",65,3.6,4.1,1.7,13.14,2,7,0,0,697302.3,4062896,12.94705,3.912068,0.002829,NA,NA,NA,-120.79157929141,36.6912569151159,-120.79157929141
"66",66,2.3,2.3,0.8,2.22,2,3,0,0,697287.8,4062912,8.495335,3.824006,0.002371,NA,NA,NA,-120.791737358341,36.6914040556614,-120.791737358341
"67",67,5.2,4.7,1.6,20.47,2,4,0,0,697280,4062914,9.797992,3.973749,0.002764,NA,NA,NA,-120.791824090348,36.6914236908952,-120.791824090348
"68",68,1.5,3.1,1.4,3.41,2,3,0,0,697275.4,4062927,5.119947,2.554446,0.002506,NA,NA,NA,-120.791872193838,36.6915417519991,-120.791872193838
"69",69,7.5,7.9,2.1,65.15,2,5,0,0,697256.8,4062922,3.962082,3.746718,0.002687,NA,NA,NA,-120.79208153418,36.6915005710967,-120.79208153418
"70",70,3.6,2.5,1,4.71,2,10,0,0,697248.2,4062940,2.100498,3.920686,0.002727,NA,NA,NA,-120.792173092168,36.6916645030988,-120.792173092168
"71",71,3.6,4,1.2,9.05,2,9,0,0,697250.1,4062951,4.573806,3.317152,0.002548,NA,NA,NA,-120.792149005116,36.6917631988885,-120.792149005116
"72",72,3.9,3.1,1.5,9.5,2,7,0,0,697254.2,4062955,5.376423,2.497478,0.002289,8.63,1,4,-120.792102113354,36.6917983808224,-120.792102113354
"73",73,5.1,3.2,1.4,11.96,2,7,0,0,697272.4,4062947,13.28025,1.396286,0.002888,13.05,4,6,-120.791900596589,36.6917225383316,-120.791900596589
"74",74,2.3,1,0.8,0.96,2,3,0,0,697276.5,4062952,12.20398,1.181222,0.00242,9.73,4,1,-120.791853447036,36.6917667283505,-120.791853447036
"75",75,6.8,5.4,1.2,23.07,2,8,0,0,697288,4062954,13.5177,1.458873,0.001318,19.99,3,7,-120.791724296968,36.6917823579253,-120.791724296968
"76",76,4.3,2.6,1.1,6.44,2,8,0,0,697258.8,4062967,14.25237,1.7639,0.002094,16.57,6,6,-120.792047567245,36.6919055244677,-120.792047567245
"77",77,3.5,4.9,1.5,13.47,2,4,0,0,697228.6,4063039,6.47089,6.69362,0.000929,37.53333,8,7,-120.792366822793,36.6925603807463,-120.792366822793
"78",78,4.9,4.2,1.7,18.32,2,5,1,0,697199.5,4063042,4.653242,11.80771,0.000842,27.43667,13,10,-120.792691554989,36.692593443031,-120.792691554989
"79",79,6.1,5.6,1.9,33.98,2,5,1,0,697226.7,4063008,3.975512,3.071834,0.000905,32.86667,7,9,-120.792396062877,36.6922815211648,-120.792396062877
"80",80,2,2,1,2.09,2,3,0,0,697199.9,4063003,1.976987,8.082052,0.000634,NA,NA,NA,-120.792697127712,36.6922420406462,-120.792697127712
"81",81,4.6,3.7,1.5,13.37,2,8,0,0,697208.3,4062965,2.915456,4.131126,0.000536,NA,NA,NA,-120.792612957531,36.6918979866994,-120.792612957531
"82",82,6.2,5.3,1.2,20.65,2,6,0,0,697231.7,4062946,3.901022,4.336822,0.001478,14.63,3,5,-120.79235610882,36.6917219760168,-120.79235610882
"83",83,6.7,5.3,1.5,27.89,2,5,0,0,697241.3,4062899,13.32036,4.62454,0.001269,21.87,1,7,-120.792260836845,36.6912965991715,-120.792260836845
"84",84,8.3,6.7,2,58.23,2,6,0,0,697240.5,4062866,2.728656,4.526287,0.001886,24.07,3,9,-120.792278287832,36.6909994949322,-120.792278287832
"85",85,3.6,3.5,1.5,9.9,2,10,0,0,697205.6,4063113,6.003079,5.356285,0.00225,NA,NA,NA,-120.792605030234,36.6932317588468,-120.792605030234
"86",86,4.4,4.1,1.3,12.28,2,5,0,0,697270.1,4063075,8.596714,11.80854,0.001269,NA,NA,NA,-120.791893337122,36.6928760633585,-120.791893337122
"87",87,1.7,1.3,0.9,1.04,2,6,0,0,697261.4,4063077,7.712754,10.82587,0.001586,7.23,1,2,-120.791990138017,36.6928958853118,-120.791990138017
"88",88,3.3,1.5,0.9,2.33,2,6,0,0,697259.9,4063081,8.392771,11.60152,0.001586,8.87,4,1,-120.792005885891,36.6929322293507,-120.792005885891
"89",89,3.7,2.2,1,4.26,2,5,0,0,697249.2,4063089,9.879373,11.29706,0.001586,NA,NA,NA,-120.792123512352,36.6930065153731,-120.792123512352
"90",90,2.6,2.7,0.9,3.31,2,0,0,0,697247.5,4063102,9.567908,14.23711,0.001757,NA,NA,NA,-120.792139178293,36.6931239745686,-120.792139178293
"91",91,4.6,4,1.4,13.49,2,8,0,0,697254.1,4063125,10.0542,9.817329,0.001216,NA,NA,NA,-120.792059424861,36.6933297931536,-120.792059424861
"92",92,2.9,2.6,1.4,5.53,2,0,0,0,697231.8,4063129,7.443191,11.46533,0.001699,NA,NA,NA,-120.792307838621,36.6933704535448,-120.792307838621
"93",93,2.1,2.5,1.3,3.57,2,7,0,0,697209,4063125,5.726096,7.259711,0.00222,10.66667,0,2,-120.79256390672,36.6933391516676,-120.79256390672
"94",94,3.5,2.1,1.1,4.23,2,6,0,0,697201.6,4063123,6.229222,4.599264,0.00233,NA,NA,NA,-120.792647197296,36.6933226706309,-120.792647197296
"95",95,3.2,3.1,1.4,7.27,2,4,0,0,697196.3,4063122,5.425414,3.1532,0.002538,NA,NA,NA,-120.792706739932,36.6933147620414,-120.792706739932
"96",96,2.8,2.5,1.2,4.4,2,1,0,0,697195.9,4063136,4.119497,5.096074,0.002279,NA,NA,NA,-120.792707607552,36.6934409596656,-120.792707607552
"97",97,2.8,3.4,1.4,6.98,2,7,0,0,697188.9,4063140,4.913752,4.522604,0.002582,NA,NA,NA,-120.792784878178,36.6934784446788,-120.792784878178
"98",98,3.5,3,1.6,8.8,2,4,0,0,697235.4,4063147,6.609622,10.92458,0.001201,25.36667,6,5,-120.792262931384,36.6935318538547,-120.792262931384
"99",99,4.2,2.3,1.2,6.07,2,3,0,0,697233.2,4063164,8.315073,9.129667,0.001269,NA,NA,NA,-120.79228315985,36.6936854495293,-120.79228315985
"100",100,3.9,3.8,1.7,13.19,2,3,0,0,697169.1,4063150,7.224388,4.396849,0.002127,NA,NA,NA,-120.793003782627,36.6935726341216,-120.793003782627
"101",101,2.7,2,1.5,4.24,2,5,0,0,697165,4063157,6.635982,3.765366,0.002517,NA,NA,NA,-120.793047841679,36.6936365419553,-120.793047841679
"102",102,4.1,0,1.7,10.22,2,2,0,0,697145.4,4063135,3.089294,4.924666,0.002796,17.63333,5,3,-120.793272751638,36.6934424273283,-120.793272751638
"103",103,5.6,3.2,1.6,15.01,2,5,0,0,697135.1,4063119,3.198038,5.287973,0.001329,NA,NA,NA,-120.793392086836,36.6933004325785,-120.793392086836
"104",104,3,2.6,1.4,5.72,2,6,1,0,697130.5,4063115,7.605392,7.225037,0.001258,NA,NA,NA,-120.793444571909,36.6932653538548,-120.793444571909
"105",105,4.7,4.8,1.7,20.08,2,2,0,0,697158.6,4063118,4.051229,5.908001,0.001724,NA,NA,NA,-120.793129476877,36.6932865500991,-120.793129476877
"106",106,4.3,4.1,1.9,17.54,2,6,0,0,697169.2,4063117,5.883914,5.310063,0.001904,NA,NA,NA,-120.793011164463,36.6932753431046,-120.793011164463
"107",107,3.6,4.5,2,16.96,2,7,0,0,697182.8,4063097,3.174701,3.997607,0.002048,20.91667,5,3,-120.792864189017,36.6930923580342,-120.792864189017
"108",108,4.1,2.3,0.7,3.46,2,0,0,0,697189.6,4063074,2.497557,4.233402,0.000952,NA,NA,NA,-120.79279405047,36.6928837589741,-120.79279405047
"109",109,3.9,3.7,1.9,14.36,2,6,1,0,697181.5,4063068,4.868176,6.006441,0.001093,18.01,4,10,-120.792886200949,36.6928313902112,-120.792886200949
"110",110,3.8,4,1.7,13.53,2,8,0,0,697215.9,4063185,13.50355,6.214617,0.001269,14.78333,2,6,-120.792471265219,36.6938782112113,-120.792471265219
"111",111,4.11,3.8,1.5,12.27,2,6,0,0,697224.2,4063186,8.580399,8.168641,0.001269,15.07333,2,7,-120.792378164334,36.6938854971648,-120.792378164334
"112",112,3.49,3.3,1.25,7.54,2,3,0,0,697201.1,4063193,11.61568,4.664485,0.00222,16.71667,7,5,-120.792634755911,36.6939533474965,-120.792634755911
"113",113,2.42,2.25,1,2.85,2,4,0,0,697188.2,4063212,11.83095,5.213628,0.00246,NA,NA,NA,-120.792774159776,36.6941271794488,-120.792774159776
"114",114,3.2,3.1,1.55,8.05,2,6,0,0,697181.3,4063206,3.505025,5.362334,0.003382,NA,NA,NA,-120.792852888642,36.6940745618121,-120.792852888642
"115",115,2.5,2.45,1.4,4.49,2,7,0,0,697175.8,4063205,4.495587,4.959824,0.003526,NA,NA,NA,-120.792914669039,36.6940666946299,-120.792914669039
"116",116,2.28,2,0.95,2.27,2,4,0,0,697179.9,4063209,4.420042,4.986065,0.003304,NA,NA,NA,-120.792867776155,36.6941018768178,-120.792867776155
"117",117,4.1,3.5,1.11,8.34,2,4,0,0,697166.1,4063213,8.240912,5.028507,0.003489,9.53,7,4,-120.793021112122,36.6941407723852,-120.793021112122
"118",118,5.2,3.8,1.23,12.73,2,5,0,0,697161.4,4063227,9.559896,5.288176,0.003104,11.26333,2,3,-120.793070079957,36.6942678620062,-120.793070079957
"119",119,3.2,3.15,1.25,6.6,2,6,0,0,697156.2,4063205,5.55769,5.509449,0.004838,NA,NA,NA,-120.7931339139,36.6940707605018,-120.7931339139
"120",120,3.45,3.15,1.05,5.97,2,7,0,0,697164.3,4063196,2.732089,4.132212,0.003701,11.52667,8,8,-120.793045625909,36.6939880065624,-120.793045625909
"121",121,4.2,3.9,1,8.58,2,5,0,0,697162.1,4063187,2.95277,3.498012,0.003717,9.57,8,6,-120.793072553275,36.6939073892208,-120.793072553275
"122",122,1.78,1.67,0.95,1.48,2,4,0,0,697157.8,4063185,3.654783,3.453974,0.003782,8.87,1,1,-120.793121167975,36.6938902648107,-120.793121167975
"123",123,4.45,3.2,1.73,12.9,2,7,0,0,697144.3,4063207,12.34423,4.666087,0.004441,4.47,1,1,-120.793266511743,36.6940912452515,-120.793266511743
"124",124,2.65,2.48,1.74,5.99,2,3,0,0,697131.5,4063211,3.395221,3.891654,0.003313,3.7,3,0,-120.793408661942,36.6941299329049,-120.793408661942
"125",125,3.76,2.97,1.02,5.96,2,6,0,0,697129.7,4063214,3.146803,3.881362,0.003283,3.23,2,1,-120.793428024057,36.6941573308098,-120.793428024057
"126",126,2.53,2.53,0.91,3.05,2,4,0,0,697131.6,4063216,2.521796,4.017976,0.003251,9.27,6,0,-120.793406255601,36.6941749531212,-120.793406255601
"127",127,4.14,2.88,1,6.24,2,3,0,0,697136.6,4063229,6.244924,4.080268,0.003489,9.3,1,3,-120.793346977467,36.6942910225549,-120.793346977467
"128",128,3.42,2.56,1.16,5.32,2,5,0,0,697126.1,4063224,2.003823,3.238343,0.003322,6,4,1,-120.793465718157,36.6942481593777,-120.793465718157
"129",129,5.1,3.63,1.49,14.44,3,7,0,0,697115.7,4063223,0.596529,2.459993,0.003796,8.83,0,0,-120.793582310005,36.6942413081078,-120.793582310005
"130",130,5.53,4.34,0.97,12.19,2,5,0,0,697113.5,4063237,1.766556,1.43383,0.003173,6,0,2,-120.793603313807,36.6943678790584,-120.793603313807
"131",131,2.46,1.02,0.89,1.17,3,5,0,0,697105.6,4063240,2.964588,0.34085,0.00388,NA,NA,NA,-120.793690910736,36.694396541981,-120.793690910736
"132",132,3.4,2.3,0.97,3.97,2,5,0,0,697113.7,4063246,2.647431,1.780094,0.002795,NA,NA,NA,-120.793598758847,36.6944489113103,-120.793598758847
"133",133,2.8,3.3,0.89,4.31,2,6,0,0,697104,4063254,1.348756,0.426496,0.00328,NA,NA,NA,-120.793705203126,36.6945229884887,-120.793705203126
"134",134,3,2.9,1.45,6.61,3,5,0,0,697090.7,4063265,0.459372,0.617383,0.003992,5.35,0,0,-120.79385114487,36.6946248366869,-120.79385114487
"135",135,3.4,3.7,0.82,5.4,3,6,0,1,697087.5,4063257,0.212038,0.845256,0.004089,5.28,2,3,-120.793889000202,36.694553434708,-120.793889000202
"136",136,1.9,2,0.64,1.27,3,4,0,1,697081.7,4063256,0.137882,0.903564,0.004138,NA,NA,NA,-120.793954136719,36.6945456292048,-120.793954136719
"137",137,2.5,3,1.4,5.5,3,4,1,1,697081.3,4063261,0.270474,0.951108,0.004295,6.066667,1,1,-120.793957323692,36.6945907531183,-120.793957323692
"138",138,0.65,0.7,0.93,0.22,3,2,0,0,697077.7,4063267,0.560421,1.174866,0.004707,5.84,0,2,-120.793996048548,36.6946455487635,-120.793996048548
"139",139,2.8,3.45,0.97,4.91,3,7,0,0,697073.5,4063270,0.891865,1.793106,0.005364,6.783333,2,4,-120.794042257534,36.6946734442242,-120.794042257534
"140",140,3.8,4.8,1.12,10.7,3,6,0,0,697066.6,4063253,0,1.304637,0.004983,14.19667,2,2,-120.794123818318,36.6945217355961,-120.794123818318
"141",141,2.25,1,0.77,0.91,3,5,0,0,697077.6,4063242,0.03119,0.5752,0.00498,NA,NA,NA,-120.794003604232,36.6944203646379,-120.794003604232
"142",142,4.3,4.05,1.4,12.77,3,5,0,0,697056,4063227,0,0.266634,0.005649,NA,NA,NA,-120.794249084094,36.6942897202562,-120.794249084094
"143",143,2.15,2.1,1.07,2.53,3,3,0,0,697061.2,4063224,0,0.258728,0.005126,NA,NA,NA,-120.794191689253,36.6942616175461,-120.794191689253
"144",144,1.67,1.55,2.53,3.43,3,4,0,0,697062.3,4063221,0,0.277162,0.005667,6.2,2,2,-120.794180157032,36.6942343648905,-120.794180157032
"145",145,2.88,4.9,1.24,9.16,3,4,0,0,697061.1,4063209,1.078571,0.963048,0.004983,7.89,0,1,-120.794196669712,36.6941265153375,-120.794196669712
"146",146,4.4,3.8,1.5,13.13,3,3,1,0,697055.1,4063204,0.675125,0.643421,0.004201,7.233333,0,3,-120.794265072833,36.6940827183306,-120.794265072833
"147",147,5.5,3.8,1.6,17.51,3,4,1,1,697064.9,4063202,1.665714,1.150997,0.004846,NA,NA,NA,-120.794155965217,36.6940626700938,-120.794155965217
"148",148,3.4,3.8,1.1,7.44,3,5,1,1,697074.6,4063211,0.020625,0.457355,0.004556,8.51,2,1,-120.794045144051,36.6941417326426,-120.794045144051
"149",149,4,3.9,1.6,13.07,3,6,1,0,697079.9,4063217,0.033864,0.348199,0.004129,8.82,1,1,-120.793984313467,36.6941946828587,-120.793984313467
"150",150,2.53,2.72,1.46,5.26,3,4,0,0,697082.2,4063223,0.063749,0.438349,0.004587,8.82,0,11,-120.793957040784,36.6942482551123,-120.793957040784
"151",151,2.3,1.75,1.27,2.68,2,3,0,1,697086.6,4063209,0.05618,0.212049,0.003389,8.82,0,3,-120.793911427272,36.6941212280153,-120.793911427272
"152",152,4.22,3.73,1.82,15,2,5,0,0,697090.6,4063209,0.233696,0.236975,0.003031,9.08,0,4,-120.793866683367,36.6941203985695,-120.793866683367
"153",153,3.75,2.65,1.55,8.07,2,1,0,0,697098.6,4063207,0.242894,0.461037,0.002656,9.08,0,1,-120.793777710572,36.69410072324,-120.793777710572
"154",154,3.3,4.37,1.53,11.55,2,4,0,0,697124.1,4063179,2.262278,0.839421,0.001346,14.21667,3,5,-120.793499679335,36.6938432055349,-120.793499679335
"155",155,5.5,5.2,1.9,28.45,2,7,1,1,697133.3,4063193,3.773242,3.102275,0.003444,NA,NA,NA,-120.793393163084,36.6939674121248,-120.793393163084
"156",156,4.26,3.95,1.43,12.6,2,5,0,0,697130.5,4063172,2.524341,1.530469,0.002201,14.46333,12,12,-120.793429892166,36.6937788208301,-120.793429892166
"157",157,5.42,5.09,1.59,22.97,2,5,0,0,697133.2,4063159,4.557209,2.430211,0.002115,13.13333,2,1,-120.793403038263,36.6936611543419,-120.793403038263
"158",158,3.82,2.49,1.33,6.62,2,0,0,0,697149.4,4063152,5.079461,3.358321,0.00222,NA,NA,NA,-120.793223629557,36.6935947369072,-120.793223629557
"159",159,2.5,2.2,1.3,3.74,2,8,1,0,697159.6,4063167,5.87558,3.254158,0.002855,NA,NA,NA,-120.793105669746,36.693727744009,-120.793105669746
"160",160,3.8,4,1.12,8.91,3,5,0,0,697071,4063278,1.478897,2.209931,0.005459,NA,NA,NA,-120.794068162865,36.694746028152,-120.794068162865
"161",161,3.4,3.5,1.72,10.72,3,5,0,0,697083.4,4063287,2.508886,1.735578,0.003264,8.966667,2,6,-120.793927138182,36.6948245307031,-120.793927138182
"162",162,2.8,2.8,0.97,3.98,3,5,0,0,697082.5,4063299,3.666121,3.508858,0.001783,11.15,2,2,-120.793934115726,36.69493281565,-120.793934115726
"163",163,4.3,4.1,1.63,15.05,3,4,0,0,697068.8,4063296,4.350525,2.871016,0.003151,NA,NA,NA,-120.794088137658,36.6949086318159,-120.794088137658
"164",164,5,4.75,1.17,14.55,3,6,0,0,697051.6,4063292,3.387563,3.04764,0.003949,NA,NA,NA,-120.794281568272,36.6948761652389,-120.794281568272
"165",165,4.6,3.9,2.15,20.2,3,5,0,0,697049.7,4063283,4.364216,3.30466,0.004146,NA,NA,NA,-120.794305138896,36.6947954853982,-120.794305138896
"166",166,3.3,2.3,0.97,3.85,3,5,0,0,697053.1,4063271,3.403878,2.851406,0.004938,NA,NA,NA,-120.794270195679,36.694686682136,-120.794270195679
"167",167,3.8,2.7,0.97,5.21,3,4,0,0,697049.2,4063270,2.730338,2.798062,0.004772,4.8,7,4,-120.794314078767,36.6946784825126,-120.794314078767
"168",168,5.4,3.5,0.94,9.3,3,7,0,0,697051.1,4063262,1.064098,2.137364,0.004685,4.906667,1,10,-120.794294884852,36.6946060230263,-120.794294884852
"169",169,4.9,3.7,1.45,13.76,3,7,0,0,697042.1,4063264,1.801913,2.209,0.005205,NA,NA,NA,-120.794395044428,36.6946259053082,-120.794395044428
"170",170,4,2.7,0.89,5.03,3,4,0,0,697037.4,4063270,1.47356,2.383542,0.004805,NA,NA,NA,-120.794446074287,36.6946809288652,-120.794446074287
"171",171,2.9,2.3,0.97,3.39,3,4,0,0,697038.6,4063281,3.081497,2.761555,0.004595,NA,NA,NA,-120.794429819231,36.6947797702546,-120.794429819231
"172",172,4.5,3.3,1.37,10.65,3,5,0,0,697042.1,4063297,2.735991,2.352356,0.003742,NA,NA,NA,-120.794386548913,36.6949231757908,-120.794386548913
"173",173,4,2.6,1.19,6.48,3,4,0,0,697028.5,4063311,2.330767,1.235167,0.002424,8.466667,2,3,-120.794535075887,36.6950521099845,-120.794535075887
"174",174,1.7,1.5,0.94,1.26,3,3,0,0,697018.8,4063289,0.864348,1.194627,0.004263,NA,NA,NA,-120.794649244276,36.6948559404462,-120.794649244276
"175",175,2.5,2.2,1.12,3.23,3,2,0,0,697015.9,4063279,0.288774,0.392158,0.004463,NA,NA,NA,-120.794684257995,36.6947664596115,-120.794684257995
"176",176,2.8,2.4,1.14,4.01,3,5,0,0,697016.5,4063274,0.475139,1.200247,0.004758,NA,NA,NA,-120.794678833379,36.6947212942463,-120.794678833379
"177",177,3.1,2.9,1.45,6.83,3,6,0,0,697007.6,4063282,0.311085,0,0.003741,NA,NA,NA,-120.794776330244,36.6947952046775,-120.794776330244
"178",178,5.8,4.7,1.75,24.98,3,4,0,0,697014.1,4063298,0.134629,0.993438,0.003993,4.566667,4,4,-120.79469950225,36.6949379884976,-120.79469950225
"179",179,3.1,2.8,0.98,4.45,3,4,0,0,697009.9,4063299,0.112895,0.707576,0.003615,NA,NA,NA,-120.794746226475,36.6949478673016,-120.794746226475
"180",180,5.2,3.9,1.24,13.17,3,5,0,0,696995.1,4063303,0.132776,0.787812,0.003973,13.17,0,5,-120.794910751282,36.6949869678005,-120.794910751282
"181",181,2.9,3,1.34,6.1,3,4,0,0,696996.6,4063286,0.410817,0.520488,0.003181,12.8,4,1,-120.794898347615,36.6948335175067,-120.794898347615
"182",182,4.9,3,1.9,14.62,3,7,1,1,696978.5,4063277,0.017785,0.40479,0.002983,NA,NA,NA,-120.795103132026,36.6947561951164,-120.795103132026
"183",183,4.3,3.3,1.7,12.63,3,5,1,1,696983.9,4063245,0.007798,0,0.002492,NA,NA,NA,-120.795050962786,36.6944668135271,-120.795050962786
"184",184,3,3.9,1.71,10.48,3,5,0,0,696996.8,4063253,0,0,0.00384,10.77,2,1,-120.794904603923,36.6945362054635,-120.794904603923
"185",185,4.6,4.8,2.05,23.7,3,5,0,1,697005,4063256,0,0,0.00444,NA,NA,NA,-120.794812106199,36.6945615304282,-120.794812106199
"186",186,2.4,2.3,1.42,4.1,3,3,0,0,696996.3,4063234,0,0,0.00322,6.15,1,2,-120.794915087088,36.6943651532955,-120.794915087088
"187",187,2.8,2.3,1.28,4.32,3,3,0,0,697002.5,4063236,0,0,0.004057,8.566667,3,0,-120.794845219003,36.6943818846242,-120.794845219003
"188",188,4.07,3.3,1.99,13.99,3,7,0,0,697026.9,4063253,0.273652,1.056274,0.005516,7.48,0,2,-120.794567904045,36.6945299662196,-120.794567904045
"189",189,2.1,1.63,1.11,1.99,3,5,0,0,697021.5,4063250,0.206727,0.674471,0.004929,6.24,2,2,-120.794629080896,36.6945040610276,-120.794629080896
"190",190,5,4.6,1.48,17.82,3,7,0,1,697018.2,4063244,0,0.140805,0.004353,NA,NA,NA,-120.794667539249,36.6944506958999,-120.794667539249
"191",191,3.9,3.1,1.23,7.79,3,3,0,0,696999.2,4063225,0.129656,0,0.003321,8.24,0,5,-120.794884964035,36.6942834784179,-120.794884964035
"192",192,4.2,1.6,1.77,6.23,3,5,0,0,697022.5,4063233,0,0,0.004097,5.08,0,6,-120.794622270826,36.6943507143612,-120.794622270826
"193",193,3.32,2.9,1,5.04,3,5,0,0,697026.5,4063232,0,0.012964,0.004202,NA,NA,NA,-120.79457778418,36.6943408769798,-120.79457778418
"194",194,2.2,1.84,1.13,2.4,3,3,0,0,697029.7,4063238,0,0.287342,0.004123,NA,NA,NA,-120.794540444426,36.6943942628093,-120.794540444426
"195",195,3.25,2.5,1.34,5.7,3,3,0,0,697024.8,4063226,0,0,0.004645,5.93,0,1,-120.794598344871,36.6942871801942,-120.794598344871
"196",196,3.7,3.05,0.83,4.9,3,2,0,0,697035.6,4063212,0,0,0.00458,NA,NA,NA,-120.794481139956,36.6941588265708,-120.794481139956
"197",197,2.9,3.6,1.5,8.2,3,4,1,0,697037.5,4063205,0,0.003569,0.003961,NA,NA,NA,-120.794461688562,36.6940953753026,-120.794461688562
"198",198,2.8,3,1.2,5.28,3,6,1,0,697040.9,4063202,0,0.063455,0.003644,5.036667,2,4,-120.794424428529,36.6940676458578,-120.794424428529
"199",199,2.42,1.9,0.96,2.31,3,1,0,0,697047.2,4063206,0,0.077181,0.004079,NA,NA,NA,-120.794352927152,36.6941023725674,-120.794352927152
"200",200,1.9,1.2,0.7,0.84,3,2,1,0,697046,4063209,0,0.04835,0.004475,NA,NA,NA,-120.794365578015,36.6941296459398,-120.794365578015
"201",201,2.57,2.15,1.23,3.56,3,5,0,0,697010.8,4063320,1.32408,1.644784,0.002379,6.57,1,3,-120.794730753532,36.6951368529052,-120.794730753532
"202",202,3.68,4.59,1.17,10.35,3,5,0,0,697000.5,4063325,1.807201,1.817952,0.003043,7.19,1,4,-120.794844683724,36.6951840289015,-120.794844683724
"203",203,4.1,4.5,1.5,14.49,3,6,1,0,696991.7,4063331,1.935445,2.616951,0.003892,NA,NA,NA,-120.794941577462,36.6952399020914,-120.794941577462
"204",204,3.34,3.04,1.24,6.59,3,5,0,0,696978.8,4063336,0.789516,1.875938,0.00411,8.37,1,3,-120.795084591943,36.6952876167604,-120.795084591943
"205",205,4.02,3.55,1.39,10.39,3,5,0,0,696978.7,4063312,0.934775,1.780709,0.003301,NA,NA,NA,-120.795091887251,36.6950714406843,-120.795091887251
"206",206,3.08,3.84,1.44,8.92,3,5,0,0,696970.8,4063310,3.124901,3.024647,0.003481,11.01333,1,7,-120.795180772328,36.6950550615489,-120.795180772328
"207",207,3.98,3.28,1.53,10.46,3,5,0,0,696965.5,4063318,2.729038,3.538118,0.003488,9.05,2,4,-120.795238000022,36.6951282255394,-120.795238000022
"208",208,2.59,3.87,1.53,8.03,3,4,0,0,696972.6,4063333,0.724405,2.447258,0.004758,4.43,4,4,-120.795154718168,36.6952618771188,-120.795154718168
"209",209,2.68,3.32,1.37,6.38,3,3,0,1,696968,4063334,0.920685,3.193623,0.004581,NA,NA,NA,-120.795205917116,36.6952718386493,-120.795205917116
"210",210,4.9,4.5,1.8,20.78,3,6,1,0,696962.7,4063333,1.50593,3.618397,0.004718,7.166667,2,7,-120.795265461071,36.695263928823,-120.795265461071
"211",211,1.37,1.34,0.87,0.84,3,3,0,0,696972.1,4063353,3.901699,1.943889,0.003489,NA,NA,NA,-120.795155164128,36.6954421447471,-120.795155164128
"212",212,2.14,1.74,0.46,0.9,3,0,0,0,696967.7,4063352,3.652542,2.087912,0.003735,NA,NA,NA,-120.795204640661,36.6954340484316,-120.795204640661
"213",213,1.31,1.28,0.93,0.82,3,3,0,0,696959.5,4063350,2.195794,0.883532,0.004471,9.48,0,2,-120.795296881993,36.6954177313968,-120.795296881993
"214",214,3.29,2.19,1.16,4.38,3,2,0,0,696949.5,4063346,2.73158,0.790348,0.004567,NA,NA,NA,-120.795409773054,36.695383770892,-120.795409773054
"215",215,1.68,1.05,0.88,0.81,3,2,0,0,696948.4,4063349,2.384144,0.285395,0.004441,8.29,1,4,-120.795421305866,36.6954110234438,-120.795421305866
"216",216,3.2,2.9,1.6,7.77,3,7,1,0,696948,4063344,3.268583,1.076393,0.005116,9.25,0,4,-120.79542706696,36.6953660653242,-120.79542706696
"217",217,1.9,1.3,1,1.29,3,9,1,1,696942.5,4063314,4.448494,3.078589,0.002749,17.12667,0,2,-120.795496310356,36.6950969589615,-120.795496310356
"218",218,6.08,3.82,1.33,16.17,3,4,0,0,696921.3,4063319,1.319182,1.481444,0.003409,11.5,6,4,-120.795732169902,36.6951463927072,-120.795732169902
"219",219,3.8,2.5,1.5,7.46,3,6,1,0,696917.2,4063326,0.490524,0.065944,0.004402,9.25,3,5,-120.795776232099,36.6952102996204,-120.795776232099
"220",220,3.7,3.15,1.38,8.42,3,6,1,0,696916.8,4063336,0.970475,0.065239,0.004444,9.5,0,2,-120.795778133735,36.6953004645375,-120.795778133735
"221",221,3.98,3.12,1.32,8.58,3,5,0,0,696920,4063345,0.933308,0.132192,0.006251,9.81,3,5,-120.79574002243,36.6953808753592,-120.79574002243
"222",222,2.2,2.26,1.07,2.79,3,3,0,0,696934.5,4063354,2.020395,0.518949,0.005135,10.58,1,2,-120.795575507168,36.6954589447652,-120.795575507168
"223",223,2.07,2.23,1.25,3.02,3,2,0,0,696938.6,4063365,0.990538,0.114718,0.005186,4.03,2,2,-120.795526813365,36.6955571854222,-120.795526813365
"224",224,2.03,1.83,1.12,2.18,3,3,0,0,696940.9,4063366,1.001574,0.151949,0.004944,4.34,1,1,-120.795500827795,36.695565717028,-120.795500827795
"225",225,1.47,1.84,1.06,1.5,3,3,0,0,696939.9,4063368,0.965362,0.091574,0.004673,5.43,1,2,-120.79551149936,36.6955839406485,-120.79551149936
"226",226,2.49,2.78,1.02,3.7,3,4,0,0,696926,4063386,0.494442,0.930414,0.005005,10.06,1,3,-120.795662356166,36.6957489685014,-120.795662356166
"227",227,1.16,2.06,0.79,0.99,3,4,0,0,696924.7,4063393,2.400748,1.417716,0.005031,8.63,1,1,-120.795675097164,36.695812295283,-120.795675097164
"228",228,1.94,1.33,0.99,1.34,3,5,0,0,696916.5,4063403,3.673213,2.213433,0.005114,7.72,2,3,-120.795764251397,36.695904076334,-120.795764251397
"229",229,2.14,1.85,1.08,2.24,3,4,0,0,696912,4063397,2.132717,1.561638,0.006058,7.24,2,4,-120.795816133222,36.6958509594753,-120.795816133222
"230",230,3.04,2.98,1.18,5.6,3,5,0,1,696909.3,4063390,1.897513,1.205186,0.006815,7.48,2,4,-120.795848137033,36.6957884614552,-120.795848137033
"231",231,1.72,0.97,0.88,0.77,3,5,0,0,696913.9,4063379,1.189873,1.376913,0.007604,6.09,1,0,-120.795799510495,36.6956884181523,-120.795799510495
"232",232,2.61,2.18,0.87,2.59,3,4,0,0,696917.7,4063377,0.592692,0.875316,0.007301,6.24,1,3,-120.795757517446,36.6956696144178,-120.795757517446
"233",233,1.8,1.26,0.85,1.01,3,5,0,0,696909.6,4063371,1.884452,0.950178,0.00745,NA,NA,NA,-120.795849669457,36.6956172434259,-120.795849669457
"234",234,2.77,1.44,0.85,1.78,3,7,0,0,696909.5,4063358,0.724504,0.114178,0.006809,3.31,3,3,-120.795854132674,36.6955001574907,-120.795854132674
"235",235,1.65,2.1,1.14,2.07,3,8,0,0,696904.9,4063356,0.352153,0.074027,0.005898,2.51,1,3,-120.795906103694,36.6954830941145,-120.795906103694
"236",236,2.46,1.92,1.35,3.34,3,7,0,0,696906.1,4063358,0.433577,0.086371,0.006281,3.36,3,2,-120.795892165724,36.6955008619085,-120.795892165724
"237",237,2.75,2.08,1,2.99,3,4,0,0,696911.9,4063353,0.598274,0.103606,0.006348,6.2,3,0,-120.79582857221,36.6954546192268,-120.79582857221
"238",238,5.65,3.3,0.81,7.91,3,3,0,0,696901.2,4063332,0.229024,0.619157,0.005817,NA,NA,NA,-120.795953666917,36.6952676637479,-120.795953666917
"239",239,2.4,2.3,1.3,3.76,3,7,1,0,696899.9,4063347,0.119904,0.13357,0.005309,NA,NA,NA,-120.795964350004,36.6954030561492,-120.795964350004
"240",240,2,1.35,1.03,1.46,3,3,0,0,696898.4,4063362,0.327385,0.321029,0.006648,11.23,2,3,-120.795977270354,36.6955384899824,-120.795977270354
"241",241,4.51,2.13,0.89,4.48,3,3,0,0,696885.6,4063343,2.839699,0.611636,0.005223,6.54,3,6,-120.79612534133,36.6953699857868,-120.79612534133
"242",242,4.52,3.42,1.29,10.44,3,4,0,0,696881,4063350,4.229522,1.038567,0.005121,NA,NA,NA,-120.79617499707,36.6954339961439,-120.79617499707
"243",243,4.17,2.9,1.1,6.97,3,5,0,0,696872.3,4063341,7.076738,1.132535,0.00509,NA,NA,NA,-120.796274631908,36.6953547244731,-120.796274631908
"244",244,3.45,2.2,1.28,5.09,3,6,0,0,696868.8,4063343,5.618429,1.214435,0.004513,NA,NA,NA,-120.796313269072,36.6953734658825,-120.796313269072
"245",245,4.3,4.6,1.28,13.26,3,3,1,1,696898.1,4063361,0.222398,0.285675,0.006613,6.916667,3,2,-120.795980883475,36.6955295439291,-120.795980883475
"246",246,3.43,2.84,1.32,6.73,3,6,0,0,696901.3,4063373,3.020267,1.179318,0.006933,6.95,1,3,-120.795942000453,36.6956369794299,-120.795942000453
"247",247,3.03,2.07,1.36,4.47,3,4,0,0,696898,4063380,3.656271,1.75759,0.007801,8.07,2,1,-120.79597711411,36.6957007205377,-120.79597711411
"248",248,2.94,2.95,1.34,6.09,3,6,0,0,696887,4063384,3.423806,2.779162,0.007363,NA,NA,NA,-120.79609913355,36.6957390321975,-120.79609913355
"249",249,3.3,2.5,1.78,7.69,3,6,0,0,696871.8,4063373,5.252349,2.976816,0.004773,11.56333,2,4,-120.796271993741,36.6956430906618,-120.796271993741
"250",250,3.24,2.5,1.39,5.9,3,5,0,0,696866.4,4063369,7.470829,2.94167,0.004561,NA,NA,NA,-120.796333428188,36.6956081764012,-120.796333428188
"251",251,3.58,3.53,1.44,9.53,3,6,0,0,696861.8,4063361,10.38889,2.643196,0.004142,NA,NA,NA,-120.796386942472,36.6955370635707,-120.796386942472
"252",252,3.6,3,1.7,9.61,3,6,1,0,696964.6,4063274,0.065131,0.131361,0.002883,NA,NA,NA,-120.79525939053,36.6947320511911,-120.79525939053
"253",253,2.54,3.78,1.31,6.59,3,5,0,1,696962.1,4063267,0.133034,0,0.003072,7.3,2,3,-120.795289157059,36.6946695118629,-120.795289157059
"254",254,3.58,2.67,1.39,6.96,3,4,0,0,696961.3,4063251,0.30432,0,0.002655,13.76,3,2,-120.795302223226,36.6945255464129,-120.795302223226
"255",255,4.09,3.57,1.18,9.02,3,6,0,0,696941.8,4063258,0.405189,0,0.00222,13.67,2,4,-120.795518549994,36.6945926446361,-120.795518549994
"256",256,3.95,2.76,1.37,7.82,3,5,0,0,696951.3,4063265,0.479236,0,0.002799,NA,NA,NA,-120.795410481223,36.6946537335077,-120.795410481223
"257",257,4.1,2.9,1.8,11.21,3,5,1,1,696956.9,4063275,0.105403,0.184765,0.002855,NA,NA,NA,-120.795345265984,36.6947426550768,-120.795345265984
"258",258,5.7,6.6,1.8,35.46,3,5,1,0,696944.2,4063278,0.202296,0.642767,0.002552,9.45,7,2,-120.795486557241,36.6947723113926,-120.795486557241
"259",259,5.7,3.4,1.8,18.27,3,7,1,1,696948.8,4063291,1.694335,1.98914,0.002982,14.55,1,1,-120.795431756118,36.6948884648296,-120.795431756118
"260",260,3.66,3.02,1.27,7.35,3,7,0,0,696912,4063275,0.070096,0.458564,0.003644,7.72,0,5,-120.795847520975,36.6947519585396,-120.795847520975
"261",261,3,1.7,1.6,4.27,3,6,1,0,696907.8,4063273,0.335152,0.404562,0.003489,5.86,1,2,-120.795895017051,36.6947348122773,-120.795895017051
"262",262,1.83,1.91,1.21,2.21,3,3,0,0,696902.3,4063271,1.15281,0.233009,0.003477,4.41,0,1,-120.795957055008,36.6947179353171,-120.795957055008
"263",263,2.41,2.77,1.56,5.45,3,6,0,0,696903.4,4063282,0.148034,0.453099,0.004353,7.866667,3,2,-120.795941920477,36.6948167976941,-120.795941920477
"264",264,5.6,3.9,1.6,18.3,3,5,1,0,696911.4,4063295,0.229518,0.009037,0.004505,7.966667,1,1,-120.795849087224,36.6949322469519,-120.795849087224
"265",265,3.1,3,1.3,6.33,3,9,1,0,696919.4,4063297,0.38878,0.538149,0.004573,NA,NA,NA,-120.795759083794,36.6949486058775,-120.795759083794
"266",266,3.4,2.5,1.6,7.12,3,8,1,0,696901.8,4063312,0.30085,0.927972,0.004805,NA,NA,NA,-120.795952100458,36.695087375338,-120.795952100458
"267",267,1.5,1.07,0.66,0.55,3,1,0,0,696893.1,4063309,0.510893,1.188167,0.005549,12.47,8,3,-120.796050191557,36.6950621530791,-120.796050191557
"268",268,3.94,4.29,1.2,10.62,3,6,0,0,696900.5,4063296,0.745578,0.92722,0.00517,6.433333,4,5,-120.795970758558,36.6949435133707,-120.795970758558
"269",269,1.98,2.51,1.12,2.91,3,5,0,0,696901.9,4063292,0.329519,0.91465,0.005075,NA,NA,NA,-120.795956127037,36.694907190509,-120.795956127037
"270",270,4.37,3.96,1.71,15.49,3,8,0,0,696894.2,4063283,0.662425,0.556483,0.004758,7.39,3,6,-120.796044575287,36.6948277118379,-120.796044575287
"271",271,3.3,4.5,1.4,10.89,3,9,1,0,696883.5,4063279,1.77729,1.345648,0.003877,NA,NA,NA,-120.796165295443,36.6947938955864,-120.796165295443
"272",272,4.37,2.95,0.56,3.78,3,1,0,0,696884.2,4063280,1.808706,1.423518,0.004272,8.45,5,2,-120.796157207945,36.6948027587877,-120.796157207945
"273",273,2.6,0.3,1.3,0.53,3,4,1,0,696871,4063289,1.913101,2.152726,0.004515,12.81667,4,1,-120.796302549417,36.6948865669695,-120.796302549417
"274",274,3.15,3.58,1.38,8.15,3,6,0,0,696877,4063299,1.320586,1.633025,0.005894,12.22,3,2,-120.796232860523,36.6949754061941,-120.796232860523
"275",275,5.49,5.46,1.36,21.35,3,8,0,1,696889.6,4063316,0.15901,1.266963,0.004601,23.87,2,8,-120.796087542296,36.6951259355868,-120.796087542296
"276",276,3.6,3.7,1.5,10.46,3,7,1,0,696875.7,4063323,2.400002,1.439779,0.006174,NA,NA,NA,-120.79624122904,36.6951918724556,-120.79624122904
"277",277,3.8,3.2,1.4,8.91,3,5,1,1,696869.5,4063315,0.40942,1.474708,0.006344,11.88,5,5,-120.796312640923,36.6951210910782,-120.796312640923
"278",278,1.78,1.7,0.89,1.41,3,6,0,0,696862.9,4063302,2.103858,1.987238,0.005644,7.04,1,2,-120.79638981317,36.6950053514643,-120.79638981317
"279",279,1.73,2.11,0.99,1.89,3,2,0,0,696859.3,4063300,3.097311,2.177943,0.005034,4.44,3,3,-120.796430597623,36.6949880807113,-120.796430597623
"280",280,2.11,2.06,1.14,2.59,3,6,0,0,696852.9,4063296,10.5737,2.712553,0.004353,5.72,2,2,-120.796503217582,36.6949533734659,-120.796503217582
"281",281,3.1,2.24,1.28,4.65,3,6,0,0,696847.8,4063296,8.289097,2.079445,0.004327,5.766667,2,2,-120.796560266778,36.6949544297635,-120.796560266778
"282",282,4.27,3.53,1.88,14.84,3,7,0,0,696852.1,4063305,4.693208,1.843623,0.005384,6.45,4,4,-120.796509851724,36.6950346130422,-120.796509851724
"283",283,2.49,3.81,0.99,4.92,3,7,0,0,696854,4063318,2.002692,2.367015,0.005633,6.38,2,6,-120.796485254502,36.6951513262259,-120.796485254502
"284",284,1.8,2.03,0.8,1.53,3,5,0,0,696854.1,4063322,1.474345,1.840388,0.005344,4.883333,2,2,-120.79648310709,36.6951873383478,-120.79648310709
"285",285,6.58,4.6,1.32,20.92,3,3,0,1,696851.8,4063329,1.21769,1.763659,0.004756,NA,NA,NA,-120.796507034857,36.695250872188,-120.796507034857
"286",286,1.96,1.98,1.02,2.07,3,5,0,0,696851.9,4063333,1.682126,1.905601,0.004595,6.1,1,3,-120.79650488745,36.69528688431,-120.79650488745
"287",287,2.95,2.72,1.12,4.71,3,5,0,0,696844.8,4063325,5.322654,2.440598,0.005525,6.14,5,7,-120.796586366731,36.6952162891726,-120.796586366731
"288",288,3,2.31,0.93,3.37,3,2,0,0,696845.2,4063313,4.92211,2.241555,0.004809,NA,NA,NA,-120.796584978521,36.6951081078172,-120.796584978521
"289",289,4.04,3.96,1.49,12.48,3,6,0,0,696837.5,4063312,9.846129,2.575211,0.004673,9.28,3,6,-120.796671368977,36.6951006943459,-120.796671368977
"290",290,3.94,4.24,1.88,16.44,3,10,0,0,696827.3,4063308,11.3502,2.461396,0.003453,10.21,4,9,-120.796786496257,36.695066773918,-120.796786496257
"291",291,4.34,5.28,2.15,25.8,3,7,0,0,696816.5,4063318,17.34007,4.033606,0.002938,12.89,4,8,-120.796904735028,36.6951590925817,-120.796904735028
"292",292,2.77,3.51,1.23,6.26,3,7,0,0,696820.5,4063340,9.561607,3.347533,0.002945,13.19,3,5,-120.796854332985,36.6953564448757,-120.796854332985
"293",293,4.42,4.55,1.27,13.37,3,4,0,0,696809.2,4063350,9.571702,3.204947,0.003489,11.57,6,9,-120.796978165363,36.6954488670243,-120.796978165363
"294",294,5.23,4.06,1.83,20.35,3,4,0,0,696806.8,4063339,7.951783,3.303802,0.002855,8.9,5,6,-120.79700784077,36.6953502736826,-120.79700784077
"295",295,2.34,2.69,1.19,3.92,3,3,0,0,696795.2,4063335,8.49493,3.518114,0.003639,7.85,5,5,-120.797138628941,36.6953166428256,-120.797138628941
"296",296,4.17,4.37,1.54,14.69,3,6,0,0,696788.4,4063336,5.710637,3.603198,0.004124,8.37,3,8,-120.797214437812,36.6953270590351,-120.797214437812
"297",297,2.72,3.18,1.21,5.48,3,9,0,0,696770.2,4063347,5.545801,2.186151,0.004272,7.64,1,5,-120.797415198219,36.6954299176122,-120.797415198219
"298",298,2.77,2.77,1.06,4.26,3,6,0,0,696762.5,4063349,4.408689,1.803638,0.004256,7.52,3,4,-120.797500817739,36.6954495281906,-120.797500817739
"299",299,7.24,4.9,1.81,33.62,3,7,0,0,696773,4063360,10.02021,2.376041,0.003978,8.67,3,4,-120.797380534612,36.6955464446816,-120.797380534612
"300",300,2.72,1.98,1.55,4.37,3,6,0,0,696781.1,4063350,5.632491,2.501944,0.003883,10.8,5,4,-120.797292497404,36.6954546854913,-120.797292497404
"301",301,5.08,5.38,2.16,30.91,3,7,0,0,696769.3,4063382,7.790983,3.382025,0.002137,7.17,1,6,-120.797416267503,36.6957453914204,-120.797416267503
"302",302,1.24,1.09,0.66,0.47,3,4,0,0,696830.4,4063357,5.500617,3.03369,0.003667,10.97,1,1,-120.796739217912,36.69550753421,-120.796739217912
"303",303,3.8,3.4,1.2,8.12,3,6,1,0,696839.6,4063367,8.448943,3.566208,0.00405,9.483333,0,8,-120.796633733035,36.6955957109311,-120.796633733035
"304",304,4.39,4.34,1.5,14.96,3,8,0,0,696848.3,4063369,11.38427,3.456814,0.003923,11.68333,1,6,-120.796535898612,36.6956119254447,-120.796535898612
"305",305,3.84,4.55,2.2,20.13,3,5,0,0,696855.1,4063385,3.995301,3.223593,0.004889,NA,NA,NA,-120.796455717056,36.6957546483264,-120.796455717056
"306",306,4.01,3.07,1.58,10.18,3,5,0,0,696857.9,4063394,0.579025,3.017461,0.005768,NA,NA,NA,-120.796422080695,36.6958351422284,-120.796422080695
"307",307,4.42,3.1,1.58,11.34,3,3,0,0,696865,4063392,1.510403,3.146809,0.004785,NA,NA,NA,-120.796343172811,36.6958156551532,-120.796343172811
"308",308,3.63,3.18,1.25,7.56,3,7,0,0,696866.3,4063401,0.861696,2.971891,0.005567,NA,NA,NA,-120.796326315682,36.6958964597306,-120.796326315682
"309",309,2.46,2.16,0.97,2.7,3,5,0,0,696887.6,4063401,2.544667,3.191202,0.006862,NA,NA,NA,-120.796088048541,36.6958920473884,-120.796088048541
"310",310,1.63,1.37,0.84,0.98,3,6,0,0,696894.8,4063402,2.338979,3.087701,0.006359,NA,NA,NA,-120.796007250286,36.6958995639893,-120.796007250286
"311",311,1.85,1.91,0.85,1.57,3,5,0,0,696900.3,4063399,2.419463,2.740333,0.006825,NA,NA,NA,-120.795946497719,36.6958713999202,-120.795946497719
"312",312,2.46,2.21,1.07,3.05,3,3,0,0,696902.7,4063390,2.338497,1.945369,0.007337,8.02,1,2,-120.795921966171,36.6957898288562,-120.795921966171
"313",313,2.26,2.95,1.08,3.77,3,1,0,0,696916.3,4063416,2.31058,3.497353,0.004033,NA,NA,NA,-120.795763143869,36.6960212244115,-120.795763143869
"314",314,1.37,1.7,0.59,0.72,3,1,0,0,696896.4,4063411,2.128609,2.727947,0.005285,NA,NA,NA,-120.795987036906,36.6959803063537,-120.795987036906
"315",315,2.31,1.85,0.89,1.99,3,7,0,0,696896.9,4063407,2.102843,2.957884,0.005793,NA,NA,NA,-120.795982472837,36.6959441699497,-120.795982472837
"316",316,2.82,4.27,1.04,6.56,3,6,0,0,696883.5,4063406,1.996848,3.085262,0.006168,NA,NA,NA,-120.796132625929,36.695937937776,-120.796132625929
"317",317,3.33,2.97,1.26,6.52,3,7,0,0,696883.1,4063410,1.783542,3.224069,0.005575,NA,NA,NA,-120.796136071443,36.6959740534606,-120.796136071443
"318",318,3.3,2.84,1.19,5.84,3,7,0,0,696885.8,4063424,1.308488,2.803968,0.004332,NA,NA,NA,-120.796102267011,36.6960996089958,-120.796102267011
"319",319,2.59,2.54,1.24,4.27,3,6,0,0,696893.1,4063428,1.635966,3.016455,0.003753,NA,NA,NA,-120.796019578123,36.6961341294946,-120.796019578123
"320",320,2.11,2.49,1.17,3.22,3,3,0,0,696883.9,4063430,1.146135,3.064144,0.004064,NA,NA,NA,-120.79612197744,36.6961540518331,-120.79612197744
"321",321,2.77,2.92,1,4.24,3,5,0,0,696862.8,4063413,2.243191,3.112406,0.005685,NA,NA,NA,-120.796362380917,36.6960052831973,-120.796362380917
"322",322,3.3,3.18,1.21,6.65,1,7,0,0,696855.1,4063410,0.676329,2.266949,0.006858,NA,NA,NA,-120.796449286817,36.6959798535089,-120.796449286817
"323",323,4.8,2.87,1.21,8.73,1,8,0,0,696851.3,4063428,7.104551,3.574041,0.006642,NA,NA,NA,-120.796487164898,36.6961427883249,-120.796487164898
"324",324,2.36,2.3,1.44,4.09,1,6,0,0,696838.3,4063411,3.349755,1.937694,0.007756,NA,NA,NA,-120.796636958895,36.6959923413509,-120.796636958895
"325",325,3.42,2.74,1.38,6.77,1,5,0,0,696839.8,4063407,1.396028,2.022756,0.008038,4.88,3,5,-120.796621208257,36.6959559978486,-120.796621208257
"326",326,1.9,1.83,1.22,2.22,1,5,0,1,696844.9,4063403,0.432511,1.971309,0.006844,7.31,1,1,-120.796565187107,36.695918908724,-120.796565187107
"327",327,3.84,2.88,1.41,8.16,1,6,0,0,696832.5,4063390,4.6733,3.290566,0.007599,13.15,1,2,-120.796707240042,36.6958043702002,-120.796707240042
"328",328,2.8,2.6,1.14,4.35,3,4,0,0,696820.8,4063374,7.096735,2.535366,0.004489,4.516667,1,3,-120.796842233684,36.6956626618969,-120.796842233684
"329",329,3.52,2.64,1.46,7.1,3,8,0,0,696818.9,4063372,7.723208,2.475055,0.004281,4.176667,8,6,-120.796864001825,36.6956450389485,-120.796864001825
"330",330,2.9,1.6,0.92,2.24,6,1,0,0,696817.6,4063379,10.43103,2.742277,0.005235,2.78,1,3,-120.796876743804,36.6957083656349,-120.796876743804
"331",331,3.2,3.5,1.6,9.38,6,8,1,0,696814.9,4063383,7.842471,2.616248,0.00539,5.283333,4,4,-120.796905918001,36.6957449576108,-120.796905918001
"332",332,4.4,3.62,1.9,15.85,3,9,0,0,696811,4063377,9.154748,2.957993,0.004102,4.816667,1,4,-120.796951087216,36.6956917159744,-120.796951087216
"333",333,3.2,3.06,1.78,9.13,1,6,0,0,696823.2,4063396,4.218459,3.386218,0.008144,9.28,0,1,-120.796809729088,36.6958603454866,-120.796809729088
"334",334,2.9,2.5,1.4,5.31,1,7,1,0,696825.2,4063406,4.010722,3.031668,0.008807,2.933333,3,3,-120.796784784878,36.6959500133863,-120.796784784878
"335",335,2.98,2,1.44,4.49,1,5,0,0,696827.6,4063406,4.135756,2.671648,0.008883,NA,NA,NA,-120.796757937846,36.6959495163475,-120.796757937846
"336",336,1.5,1.49,0.95,1.11,1,5,0,0,696830.7,4063404,3.423365,2.42968,0.009128,3.616667,0,3,-120.796723774789,36.6959308579125,-120.796723774789
"337",337,5.2,4.8,2.03,26.53,1,8,0,0,696827.1,4063410,7.865678,2.649925,0.008518,1.7,0,7,-120.796762502281,36.6959856527339,-120.796762502281
"338",338,2.08,2.06,1.34,3.01,1,5,0,0,696835,4063418,6.541747,2.262472,0.007801,NA,NA,NA,-120.796672073284,36.6960560822746,-120.796672073284
"339",339,2.76,2.4,1.4,4.86,1,5,0,0,696837.1,4063421,6.402674,2.367859,0.007652,4.6,0,2,-120.796647810535,36.6960826719672,-120.796647810535
"340",340,1.82,1.78,1.1,1.87,1,3,0,0,696832.5,4063426,9.634751,1.695304,0.00763,4.333333,2,1,-120.796697981515,36.6961286657122,-120.796697981515
"341",341,3.52,2.78,1.44,7.38,1,9,0,0,696829.4,4063432,9.679998,1.996365,0.007468,NA,NA,NA,-120.796731115932,36.6961833569909,-120.796731115932
"342",342,3.72,3.66,1.48,10.55,1,8,0,0,696832.2,4063434,9.884747,1.952656,0.007602,NA,NA,NA,-120.796699279935,36.6962007935111,-120.796699279935
"343",343,3.92,2.88,1.64,9.69,6,10,0,0,696833,4063446,14.25259,3.0618,0.006021,NA,NA,NA,-120.796687244668,36.6963087263226,-120.796687244668
"344",344,0.8,0.78,0.25,0.08,6,2,0,0,696839.2,4063445,11.98323,2.686531,0.005584,NA,NA,NA,-120.796618146716,36.6962984340183,-120.796618146716
"345",345,4.82,4.04,1.34,13.66,6,6,0,0,696859.1,4063446,11.94643,2.781409,0.003683,NA,NA,NA,-120.796395281901,36.6963033204173,-120.796395281901
"346",346,4.2,3,1.59,10.49,6,10,0,0,696873,4063449,7.258692,3.744192,0.002781,NA,NA,NA,-120.796239020468,36.6963274657343,-120.796239020468
"347",347,2.34,2.3,0.86,2.42,6,4,0,0,696862.1,4063454,14.3771,2.606189,0.002835,NA,NA,NA,-120.79635966517,36.6963747646512,-120.79635966517
"348",348,3.48,2.66,0.98,4.75,6,3,0,0,696859.4,4063468,17.02311,3.333881,0.002023,NA,NA,NA,-120.796386267125,36.6965014388105,-120.796386267125
"349",349,2.9,2.7,0.96,3.94,6,3,0,0,696855.4,4063467,19.00854,3.646369,0.002418,NA,NA,NA,-120.796431269704,36.6964932591492,-120.796431269704
"350",350,3.36,2.59,1.29,5.88,6,1,0,0,696840.8,4063462,15.5777,3.898149,0.003323,NA,NA,NA,-120.796595876262,36.6964512421581,-120.796595876262
"351",351,4.3,3.63,1.46,11.93,1,7,0,0,696818.5,4063432,12.76972,3.195658,0.00769,NA,NA,NA,-120.796853046572,36.6961856143663,-120.796853046572
"352",352,4.4,4.24,1.67,16.31,1,6,0,0,696813.7,4063425,12.90778,3.366002,0.008501,6.45,0,4,-120.796908540916,36.6961235509329,-120.796908540916
"353",353,2.34,2.12,1.14,2.96,1,6,0,0,696826.2,4063423,9.530878,2.272937,0.008269,4.533333,0,3,-120.796769226659,36.6961029458404,-120.796769226659
"354",354,3.63,2.92,0.99,5.49,1,6,0,0,696829.6,4063426,9.601058,1.860056,0.007702,NA,NA,NA,-120.796730421752,36.6961292663187,-120.796730421752
"355",355,2.6,2.24,1.17,3.57,1,5,0,0,696817.2,4063418,11.10016,2.745664,0.008836,NA,NA,NA,-120.796871189045,36.696059768654,-120.796871189045
"356",356,2.87,1.96,1.12,3.3,6,4,0,0,696809.4,4063394,4.144288,2.856766,0.006099,NA,NA,NA,-120.796964613653,36.6958451868828,-120.796964613653
"357",357,3.94,2.98,1.42,8.73,6,8,0,0,696804.2,4063395,3.41747,2.698229,0.006172,NA,NA,NA,-120.797022525009,36.6958552718996,-120.797022525009
"358",358,3.48,2.54,1.63,7.54,6,4,0,0,696799.5,4063399,4.738202,3.42488,0.005669,NA,NA,NA,-120.797074071843,36.6958922779868,-120.797074071843
"359",359,3.7,3.2,1.14,7.07,6,4,0,0,696800.1,4063409,7.554774,3.45504,0.006265,NA,NA,NA,-120.797064788702,36.6959822358533,-120.797064788702
"360",360,5.3,3.1,1.2,10.32,6,5,0,0,696792.8,4063407,6.094913,4.295035,0.004515,NA,NA,NA,-120.797146962735,36.6959657310287,-120.797146962735
"361",361,1.54,1.2,0.72,0.7,1,3,0,0,696803.1,4063424,14.31346,3.841635,0.007969,NA,NA,NA,-120.797027372734,36.6961167377902,-120.797027372734
"362",362,2.63,2.57,1.3,4.6,6,5,0,0,696792.1,4063422,11.02627,4.975933,0.005849,NA,NA,NA,-120.797150936182,36.6961009991428,-120.797150936182
"363",363,3.7,2.75,1.2,6.39,6,6,0,0,696775.3,4063415,6.887318,6.034934,0.004127,NA,NA,NA,-120.797340665589,36.6960414201923,-120.797340665589
"364",364,2.84,2.49,0.69,2.55,6,0,0,0,696769,4063415,9.950031,5.782062,0.003774,NA,NA,NA,-120.797411139159,36.696042724564,-120.797411139159
"365",365,2.77,2.66,1.47,5.67,6,4,0,0,696792.7,4063436,7.7198,5.629288,0.006438,NA,NA,NA,-120.797140624564,36.6962269898584,-120.797140624564
"366",366,2.74,2.58,0.96,3.55,1,5,0,0,696803.6,4063438,11.15447,4.551058,0.007282,NA,NA,NA,-120.797018179541,36.6962427491957,-120.797018179541
"367",367,3.8,2.97,1.12,6.62,6,7,0,0,696811.5,4063448,10.0919,4.402676,0.006483,NA,NA,NA,-120.796927236138,36.6963311953446,-120.796927236138
"368",368,2.4,1.74,1.03,2.25,6,4,0,0,696805.3,4063451,6.940532,5.686139,0.005572,NA,NA,NA,-120.796995819869,36.6963595038914,-120.796995819869
"369",369,4.37,4.14,1.52,14.4,6,9,0,0,696820.9,4063483,7.845847,6.587286,0.003505,NA,NA,NA,-120.796813083694,36.6966445359837,-120.796813083694
"370",370,2.8,2.68,1.29,5.07,6,6,0,0,696826.4,4063486,8.987432,6.176637,0.00333,NA,NA,NA,-120.796750787147,36.6966704215476,-120.796750787147
"371",371,3.07,2.72,0.97,4.24,6,6,0,0,696824,4063491,6.082515,6.696731,0.002969,NA,NA,NA,-120.796776348532,36.6967159596364,-120.796776348532
"372",372,3.4,2.1,0.93,3.48,6,6,0,0,696818.8,4063496,11.70713,6.08212,0.002855,NA,NA,NA,-120.796833231813,36.6967620775976,-120.796833231813
"373",373,2.58,2.52,0.84,2.86,6,4,0,0,696807.3,4063493,14.51264,5.297468,0.003041,NA,NA,NA,-120.796962646679,36.6967374345231,-120.796962646679
"374",374,2.42,2,1.02,2.58,6,4,0,0,696804.3,4063492,15.34532,4.986261,0.003139,NA,NA,NA,-120.796996462969,36.696729047565,-120.796996462969
"375",375,2.9,2.37,1.29,4.64,6,5,0,0,696809,4063488,12.47603,6.102144,0.003489,NA,NA,NA,-120.796944915636,36.6966920414316,-120.796944915636
"376",376,2.18,1.9,0.62,1.34,6,6,0,0,696806,4063479,8.262117,6.902908,0.004038,NA,NA,NA,-120.79698078915,36.6966115888034,-120.79698078915
"377",377,3.6,2.1,0.96,3.8,6,5,0,0,696806.4,4063472,6.399995,7.165542,0.004791,NA,NA,NA,-120.796978114691,36.6965484485043,-120.796978114691
"378",378,3.48,2.77,1.23,6.21,6,6,0,0,696803.9,4063463,6.43673,7.137967,0.004794,NA,NA,NA,-120.797008394927,36.6964678923211,-120.797008394927
"379",379,2.7,2.52,1.12,3.99,6,3,0,0,696798,4063459,6.132054,6.862884,0.004199,NA,NA,NA,-120.797075422904,36.6964330812323,-120.797075422904
"380",380,1.72,1.6,0.78,1.12,6,0,0,0,696792.1,4063452,6.501585,7.098542,0.005373,NA,NA,NA,-120.797143222223,36.6963712454714,-120.797143222223
"381",381,3,2.6,0.89,3.63,6,1,0,0,696785,4063454,5.622996,7.11978,0.004827,NA,NA,NA,-120.797222130898,36.6963907320399,-120.797222130898
"382",382,2.3,2.1,0.84,2.12,6,0,0,0,696777.8,4063451,5.979399,7.725528,0.005414,NA,NA,NA,-120.797303443824,36.6963651982042,-120.797303443824
"383",383,2.6,1.8,1.05,2.57,6,2,0,0,696775.6,4063439,9.850552,6.99027,0.005666,NA,NA,NA,-120.797331139081,36.6962575551716,-120.797331139081
"384",384,3.76,2.32,1.12,5.12,6,8,0,0,696774.8,4063436,8.019993,6.682521,0.005219,5.883333,1,1,-120.797340859459,36.6962306961737,-120.797340859459
"385",385,2.1,1.64,1.08,1.95,6,0,0,0,696769.9,4063436,6.688666,6.373338,0.005322,NA,NA,NA,-120.79739567237,36.6962317106929,-120.79739567237
"386",386,4.05,4,1.34,11.37,6,8,0,0,696755.8,4063423,16.09553,6.349604,0.004331,NA,NA,NA,-120.797556741421,36.6961175231075,-120.797556741421
"387",387,6.1,5.9,1.88,35.43,6,6,0,0,696739,4063414,20.48881,4.801438,0.004657,NA,NA,NA,-120.79774698471,36.696039927071,-120.79774698471
"388",388,4.2,3.62,2.2,17.51,6,5,0,0,696730,4063407,22.01842,4.42209,0.004506,NA,NA,NA,-120.797849460602,36.6959787325939,-120.797849460602
"389",389,4.6,4.4,1.32,13.99,6,6,0,0,696733,4063420,19.17693,3.773045,0.00573,NA,NA,NA,-120.797812560097,36.6960952183931,-120.797812560097
"390",390,4.65,3.94,1.28,12.28,6,6,0,0,696727.2,4063427,6.407128,3.241765,0.006636,NA,NA,NA,-120.797875641271,36.6961594764979,-120.797875641271
"391",391,4.88,4.6,2.24,26.33,6,7,0,0,696720.6,4063414,8.515958,4.21296,0.006097,NA,NA,NA,-120.797952812345,36.696043735845,-120.797952812345
"392",392,3.2,2.85,1.6,7.64,6,5,0,0,696717.7,4063414,7.75252,4.090002,0.006249,NA,NA,NA,-120.797985252573,36.6960443361085,-120.797985252573
"393",393,4.68,3.72,1.64,14.95,6,5,0,0,696716.1,4063401,13.90129,5.565681,0.005183,NA,NA,NA,-120.798006492015,36.6959275604696,-120.798006492015
"394",394,4.27,3.39,1.62,12.28,6,6,0,0,696714.3,4063392,17.78108,6.519314,0.005232,NA,NA,NA,-120.798028940533,36.6958468590865,-120.798028940533
"395",395,3.42,3.38,1.39,8.41,3,5,0,0,696695.1,4063372,15.60642,5.446624,0.00207,NA,NA,NA,-120.798248856685,36.6956706685581,-120.798248856685
"396",396,4.4,4.12,1.59,15.09,3,8,0,0,696695.9,4063366,15.77949,5.781353,0.002505,NA,NA,NA,-120.798241449691,36.6956164536794,-120.798241449691
"397",397,4.42,4.17,1.52,14.67,3,2,0,0,696711.1,4063355,19.8185,4.926515,0.0033,NA,NA,NA,-120.798074246267,36.6955142173765,-120.798074246267
"398",398,5.47,4.4,1.92,24.2,3,7,0,0,696706.3,4063343,15.49473,4.509943,0.002351,NA,NA,NA,-120.798131024196,36.6954071122272,-120.798131024196
"399",399,3.88,2.94,1.4,8.36,3,5,0,0,696708.1,4063337,11.33933,4.221555,0.001661,NA,NA,NA,-120.798112431114,36.6953526903725,-120.798112431114
"400",400,4.67,3.6,1.89,16.64,6,5,0,0,696731.3,4063398,25.72744,4.910651,0.004452,NA,NA,NA,-120.797837231883,36.6958973895549,-120.797837231883
"401",401,8,6.28,1.73,45.51,6,5,0,0,696733.1,4063387,20.77031,5.616609,0.004618,NA,NA,NA,-120.797819924159,36.6957979265831,-120.797819924159
"402",402,4.99,4.77,1.88,23.43,3,9,0,0,696731.8,4063373,19.8185,4.489028,0.003836,NA,NA,NA,-120.797838064939,36.6956720806601,-120.797838064939
"403",403,3.72,3.63,1.77,12.51,3,9,0,0,696731.7,4063369,17.06716,3.842894,0.003775,NA,NA,NA,-120.797840211745,36.6956360684957,-120.797840211745
"404",404,1.89,1.42,0.93,1.31,3,5,0,0,696728.1,4063365,15.61158,3.566682,0.003081,NA,NA,NA,-120.79788151032,36.6956007808147,-120.79788151032
"405",405,3.67,3.2,1.38,8.49,3,5,0,0,696733.1,4063350,9.085361,2.857395,0.003306,NA,NA,NA,-120.797829434907,36.695464622592,-120.797829434907
"406",406,5.28,4.99,2.04,28.14,3,8,0,0,696726.5,4063343,8.998917,2.688232,0.002855,NA,NA,NA,-120.797905063087,36.6954029312368,-120.797905063087
"407",407,1.67,1.43,0.89,1.11,3,4,0,0,696744,4063360,8.994327,2.918985,0.00441,NA,NA,NA,-120.797704934727,36.6955524484088,-120.797704934727
"408",408,5.2,4.89,1.57,20.9,3,5,0,0,696756.5,4063382,10.73449,3.882096,0.003608,NA,NA,NA,-120.797559451363,36.6957480414195,-120.797559451363
"409",409,1.4,1.12,0.95,0.78,3,4,0,0,696760.6,4063377,7.44605,3.706276,0.003733,NA,NA,NA,-120.797514873203,36.6957021515407,-120.797514873203
"410",410,5.27,4.5,1.73,21.48,3,7,0,0,696763.6,4063378,6.642435,3.55084,0.003446,NA,NA,NA,-120.797481057417,36.6957105386644,-120.797481057417
"411",411,6.52,4.99,2.24,38.16,3,8,0,0,696766,4063395,7.41644,4.896422,0.002768,NA,NA,NA,-120.797449839889,36.6958631814147,-120.797449839889
"412",412,5.3,4.7,2.08,27.13,3,9,0,0,696763.6,4063338,6.704345,3.033386,0.003712,NA,NA,NA,-120.797491340849,36.6953502101013,-120.797491340849
"413",413,4.62,4.26,1.53,15.77,3,6,0,0,696773.5,4063337,6.365278,3.406037,0.003509,NA,NA,NA,-120.797380854753,36.6953391522496,-120.797380854753
"414",414,4.6,4.09,2.03,20,3,4,0,0,696770.2,4063328,5,3.329502,0.00319,NA,NA,NA,-120.797420082968,36.6952587615472,-120.797420082968
"415",415,5.1,3.9,1.6,16.66,3,4,1,0,696762,4063325,5.723673,2.909533,0.002649,NA,NA,NA,-120.797512580788,36.6952334345566,-120.797512580788
"416",416,2.54,1.93,0.87,2.23,3,0,0,0,696785.6,4063323,9.488318,4.296221,0.003226,NA,NA,NA,-120.797249101551,36.6952105320152,-120.797249101551
"417",417,1.24,1.17,0.97,0.74,6,3,0,0,696747.1,4063441,9.089864,4.173438,0.006027,5.51,1,3,-120.797649434868,36.6962814720515,-120.797649434868
"418",418,2.77,2.56,1.3,4.83,6,5,0,0,696751.3,4063442,11.47404,4.262046,0.005952,6.82,1,2,-120.797602195255,36.6962896107778,-120.797602195255
"419",419,3.49,3.37,1.56,9.61,6,2,0,0,696762.4,4063455,16.15259,5.166909,0.005171,8.7,4,4,-120.797474684897,36.6964044195235,-120.797474684897
"420",420,2.99,2.57,1.21,4.87,6,1,0,0,696754.5,4063463,22.75007,4.235331,0.004925,4.6,0,2,-120.797561000257,36.6964781207771,-120.797561000257
"421",421,1.27,1.26,0.86,0.72,6,3,0,0,696751.8,4063459,18.77951,3.568281,0.005013,3.25,1,2,-120.797592231719,36.6964426468951,-120.797592231719
"422",422,3.34,2.82,1.1,5.42,6,0,0,0,696748.9,4063459,11.97571,3.210854,0.004623,3.22,2,4,-120.797624672107,36.6964432472624,-120.797624672107
"423",423,3.31,2.99,1.19,6.17,6,3,0,0,696743.9,4063459,6.241949,2.441481,0.004192,6.55,3,4,-120.797680603814,36.6964442823577,-120.797680603814
"424",424,3.49,3.14,1.73,9.93,6,7,0,0,696740.7,4063445,3.841656,2.421608,0.006649,3.21,2,4,-120.797719999041,36.6963188298062,-120.797719999041
"425",425,7.64,4.44,1.57,27.89,6,10,0,0,696733.6,4063449,3.769222,2.251668,0.006346,NA,NA,NA,-120.797798393714,36.6963563324248,-120.797798393714
"426",426,3.37,2.98,1.4,7.36,6,4,0,0,696728.4,4063453,5.083668,2.003345,0.005849,7.9,3,2,-120.797855534428,36.6963934416964,-120.797855534428
"427",427,3.97,3.43,1.55,11.05,6,5,0,0,696723.9,4063460,8.417193,1.597531,0.005907,8.53,3,4,-120.797904073621,36.6964574306915,-120.797904073621
"428",428,3.9,2.97,1.07,6.49,6,5,0,0,696734.3,4063468,3.676173,2.289765,0.004817,6.58,2,4,-120.797785679161,36.6965273435971,-120.797785679161
"429",429,4.46,3.9,1.8,16.39,6,5,0,0,696728.2,4063471,6.379759,2.038551,0.005227,6.12,1,8,-120.797853144767,36.6965556309643,-120.797853144767
"430",430,1.98,1.95,0.94,1.9,6,4,0,0,696703.9,4063476,6.256335,1.864813,0.005927,7.89,2,3,-120.798123688217,36.6966057018544,-120.798123688217
"431",431,5.51,4.8,1.73,23.96,6,8,0,0,696701.1,4063477,7.507505,2.002729,0.005712,8.453333,3,5,-120.798154753031,36.6966152895984,-120.798154753031
"432",432,5.32,4.6,1.89,24.22,6,9,0,0,696720.5,4063495,5.771954,2.817154,0.003536,3.78,3,5,-120.797933110681,36.6967734220011,-120.797933110681
"433",433,1.99,1.9,1.06,2.1,6,5,0,0,696717.2,4063493,3.298136,2.999722,0.003768,4.09,0,1,-120.797970539854,36.6967560886463,-120.797970539854
"434",434,3.24,3.17,1.58,8.5,6,6,0,0,696713.3,4063497,3.256809,2.862669,0.003715,3.49,3,5,-120.798013138628,36.6967929287635,-120.798013138628
"435",435,3.8,3.5,1.38,9.61,6,8,0,0,696705.9,4063491,2.014997,2.574154,0.004357,6.97,1,5,-120.798097460107,36.6967404111421,-120.798097460107
"436",436,3.98,3.7,1.23,9.48,6,6,0,0,696696.8,4063491,6.125937,2.339713,0.005149,5.946667,2,5,-120.798199256239,36.6967422946047,-120.798199256239
"437",437,4.42,3.87,1.82,16.3,6,6,0,0,696693.4,4063489,9.243687,2.130592,0.005492,6.62,3,7,-120.798237803979,36.6967249818601,-120.798237803979
"438",438,3.97,0.39,1.49,1.21,6,8,0,0,696688.6,4063500,1.215379,3.10562,0.00516,NA,NA,NA,-120.798288671595,36.6968250656698,-120.798288671595
"439",439,4.18,3.7,1.47,11.9,6,6,0,0,696702.2,4063503,3.734383,3.536812,0.004239,13.26667,1,1,-120.798135765482,36.6968492755494,-120.798135765482
"440",440,3.6,2.9,1.99,10.88,7,5,0,0,696700.3,4063522,9.105304,5.666131,0.002451,NA,NA,NA,-120.798152136251,36.6970208249052,-120.798152136251
"441",441,2.9,3,1.5,6.83,7,9,1,0,696687.1,4063525,8.041706,3.566724,0.003229,11.48333,1,5,-120.798299026104,36.6970505815326,-120.798299026104
"442",442,3.8,4.3,1.7,14.54,7,4,1,0,696672.6,4063501,3.106418,2.474427,0.004225,NA,NA,NA,-120.798467397047,36.6968373851315,-120.798467397047
"443",443,4.42,3.94,1.63,14.86,7,6,0,0,696670.1,4063521,4.178483,2.782257,0.003773,NA,NA,NA,-120.79849022343,36.6970180668505,-120.79849022343
"444",444,3,4.4,1,6.91,7,1,1,0,696660.4,4063528,3.889935,1.89806,0.003872,NA,NA,NA,-120.798596933021,36.697083131679,-120.798596933021
"445",445,4.12,3.4,1.27,9.31,7,5,0,0,696659.2,4063538,11.53951,2.170249,0.003806,NA,NA,NA,-120.798607787053,36.697173462183,-120.798607787053
"446",446,3.7,3.51,1.49,10.13,7,4,0,0,696660.1,4063543,10.62588,2.949046,0.003875,6.833333,2,2,-120.798596434386,36.6972183170345,-120.798596434386
"447",447,2.4,2,1.2,3.02,7,2,0,0,696652.9,4063546,12.18186,2.594783,0.004325,NA,NA,NA,-120.798676206016,36.6972468315889,-120.798676206016
"448",448,5.4,4.83,1.8,24.58,7,10,0,0,696636.9,4063546,14.83958,2.150347,0.003182,NA,NA,NA,-120.798855189476,36.6972501422825,-120.798855189476
"449",449,3.2,3.16,1.36,7.2,7,4,0,0,696639.8,4063551,11.25716,2.227525,0.003653,9.103333,2,3,-120.79882146399,36.697294583337,-120.79882146399
"450",450,2.82,2.8,1.04,4.3,7,4,0,0,696657.6,4063561,9.313643,2.564039,0.004037,10.6,1,2,-120.798619775081,36.6973809822955,-120.798619775081
"451",451,4.4,3.9,1.79,16.08,7,5,0,0,696669.1,4063562,7.268711,2.746312,0.0033,NA,NA,NA,-120.798490873533,36.6973876107174,-120.798490873533
"452",452,2.1,1.5,1.1,1.81,7,9,1,0,696678.9,4063552,4.484929,2.364383,0.003119,8.616667,2,5,-120.798383815974,36.6972955004399,-120.798383815974
"453",453,2.16,2.14,1.14,2.76,7,3,0,0,696674.2,4063550,4.531952,2.327306,0.00351,NA,NA,NA,-120.798436906367,36.6972784566799,-120.798436906367
"454",454,3.2,2.7,1.3,5.88,7,3,0,0,696653.9,4063569,6.791348,3.704227,0.004653,NA,NA,NA,-120.798659109342,36.697453813686,-120.798659109342
"455",455,3.97,3.9,1.4,11.35,7,7,0,0,696645.4,4063577,5.459218,4.93443,0.004493,NA,NA,NA,-120.798752138904,36.6975276382979,-120.798752138904
"456",456,2.52,2.3,0.82,2.49,7,3,0,0,696661.7,4063585,5.843828,4.565993,0.002273,NA,NA,NA,-120.798567743035,36.6975963310871,-120.798567743035
"457",457,2.12,2,1.54,3.42,7,3,0,0,696625.4,4063561,12.69437,2.903837,0.004473,NA,NA,NA,-120.798979979935,36.697387644984,-120.798979979935
"458",458,3.35,3.2,1.41,7.91,7,1,0,0,696624.9,4063555,15.52598,2.255878,0.00447,NA,NA,NA,-120.798987114746,36.697333699111,-120.798987114746
"459",459,4.47,4.19,1.53,15,7,8,0,1,696606.4,4063564,7.849695,3.028113,0.003526,NA,NA,NA,-120.799191752514,36.6974186005381,-120.799191752514
"460",460,4.47,4.12,1.27,12.25,7,8,0,1,696606.3,4063569,3.684702,3.259258,0.003952,NA,NA,NA,-120.799191586641,36.6974636623336,-120.799191586641
"461",461,0.7,0.6,0.55,0.12,7,2,0,0,696603.9,4063565,7.922336,2.709181,0.003834,NA,NA,NA,-120.799219461849,36.6974281259544,-120.799219461849
"462",462,3.3,3.7,1.4,8.95,7,7,1,1,696609.4,4063580,2.011185,4.245875,0.004488,NA,NA,NA,-120.799154082484,36.6975621114356,-120.799154082484
"463",463,2.91,1.12,0.82,1.4,7,7,0,0,696614.5,4063580,1.893025,6.586946,0.004897,NA,NA,NA,-120.799097031261,36.6975610563168,-120.799097031261
"464",464,1.47,1.23,0.88,0.83,7,3,0,0,696628,4063581,1.381189,5.751418,0.005173,NA,NA,NA,-120.798945756398,36.6975672714432,-120.798945756398
"465",465,1.63,1.3,0.77,0.85,7,2,0,0,696627.3,4063592,0.877481,7.882537,0.003835,NA,NA,NA,-120.798950760681,36.6976665066929,-120.798950760681
"466",466,1.83,1.8,1.02,1.76,7,1,0,0,696632.9,4063596,1.838812,6.333466,0.003492,NA,NA,NA,-120.798887088356,36.697701380897,-120.798887088356
"467",467,2.32,2.19,1.39,3.7,7,4,0,0,696638.9,4063595,1.250416,5.826336,0.00347,NA,NA,NA,-120.798820226112,36.6976911312045,-120.798820226112
"468",468,3.27,3.41,1.07,6.25,7,5,0,0,696632.8,4063602,3.010483,9.52373,0.002916,NA,NA,NA,-120.798886665352,36.6977554509033,-120.798886665352
"469",469,4.28,2.75,1.3,8.01,7,5,0,0,696634.5,4063616,8.998547,12.28486,0.00222,NA,NA,NA,-120.798864050986,36.6978812142215,-120.798864050986
"470",470,4.8,4.6,1.6,18.5,7,6,0,0,696616.5,4063633,9.337669,10.79954,0.002445,NA,NA,NA,-120.799061041343,36.6980380782093,-120.799061041343
"471",471,3.54,3.28,1.55,9.42,7,8,0,0,696612.7,4063603,7.884564,11.53564,0.005037,NA,NA,NA,-120.799111257923,36.6977686177912,-120.799111257923
"472",472,4.34,3.47,1.36,10.72,7,4,0,0,696598.9,4063585,2.777814,6.057267,0.004,NA,NA,NA,-120.79927025641,36.697609324762,-120.79927025641
"473",473,5.47,4.73,1.37,18.56,7,6,0,0,696586,4063590,10.51475,7.061011,0.005098,NA,NA,NA,-120.799413278154,36.6976570344451,-120.799413278154
"474",474,3.5,2.44,0.84,3.76,7,4,0,0,696566.8,4063567,17.22131,5.420408,0.004855,NA,NA,NA,-120.79963396721,36.6974538168012,-120.79963396721
"475",475,7.46,6.95,2.14,58.09,7,4,0,0,696550.8,4063557,16.6662,5.373923,0.005788,NA,NA,NA,-120.799815519582,36.6973670438176,-120.799815519582
"476",476,6.37,6.35,1.76,37.28,7,3,0,0,696555.8,4063546,12.31654,4.96692,0.004395,NA,NA,NA,-120.799762412335,36.6972669192263,-120.799762412335
"477",477,4.88,4.61,1.57,18.49,7,2,0,0,696562,4063542,12.24919,5.077854,0.003257,NA,NA,NA,-120.799694083561,36.697229603993,-120.799694083561
"478",478,7,6.27,2.22,51.02,7,9,0,0,696562.1,4063542,12.06754,5.058476,0.003248,NA,NA,NA,-120.799692964914,36.6972295833099,-120.799692964914
"479",479,6.03,5.95,1.74,32.69,7,6,0,0,696570.3,4063541,12.77464,4.402329,0.003857,NA,NA,NA,-120.799601492715,36.6972188790349,-120.799601492715
"480",480,7.43,7.78,2.04,61.74,7,8,0,0,696593.4,4063555,4.666818,2.471567,0.003734,NA,NA,NA,-120.79933948893,36.6973402158756,-120.79933948893
"481",481,4.84,4.63,2.25,26.4,7,7,0,0,696601.2,4063545,12.3009,2.514721,0.002941,NA,NA,NA,-120.79925480332,36.6972485200764,-120.79925480332
"482",482,5.81,4.85,2.21,32.61,7,6,0,0,696587.2,4063538,19.1224,4.539204,0.003335,NA,NA,NA,-120.799413212048,36.6971883586247,-120.799413212048
"483",483,4.47,3.4,2.43,19.34,7,4,0,0,696573.7,4063525,13.5431,4.968741,0.003354,NA,NA,NA,-120.799567568456,36.6970740441862,-120.799567568456
"484",484,3.89,4.6,0.81,7.59,7,7,0,0,696568.8,4063516,12.40719,6.212602,0.003069,NA,NA,NA,-120.799624693702,36.6969939836775,-120.799624693702
"485",485,5.22,3.8,2.36,24.51,7,5,0,0,696567,4063518,13.27792,5.052268,0.003091,NA,NA,NA,-120.799644315591,36.6970123724312,-120.799644315591
"486",486,4.5,4.93,1.7,19.75,7,7,0,0,696571,4063495,10.60476,6.467952,0.002002,NA,NA,NA,-120.799605477428,36.6968043559134,-120.799605477428
"487",487,8.01,6.4,2.24,60.13,7,5,0,0,696599.1,4063507,7.71014,6.748665,0.00402,NA,NA,NA,-120.79928805675,36.6969066420464,-120.79928805675
"488",488,2.39,2.1,0.96,2.52,7,0,0,0,696595.9,4063521,8.374058,5.572486,0.003063,NA,NA,NA,-120.799320256906,36.6970334191398,-120.799320256906
"489",489,4.9,3.67,2.16,20.34,7,5,0,0,696618.7,4063513,4.578185,4.823369,0.004012,9.693333,4,4,-120.799067261442,36.6969566365685,-120.799067261442
"490",490,4.7,4.3,1.54,16.3,7,4,0,0,696616.6,4063505,6.366624,5.256395,0.004634,NA,NA,NA,-120.799092808229,36.6968850052586,-120.799092808229
"491",491,3.6,2.65,1.51,7.54,7,2,0,0,696623.6,4063498,14.14515,4.866066,0.004664,NA,NA,NA,-120.799016301758,36.6968204994824,-120.799016301758
"492",492,2.26,2,0.97,2.3,7,2,0,0,696622.3,4063495,14.08593,3.944948,0.005257,NA,NA,NA,-120.799031614839,36.6967937437776,-120.799031614839
"493",493,2.22,2.09,2.17,5.27,7,1,0,0,696617.8,4063496,13.48542,5.390052,0.005087,NA,NA,NA,-120.799081696739,36.6968036829991,-120.799081696739
"494",494,5.06,3.95,1.74,18.21,7,6,0,0,696609.4,4063489,12.49999,5.618218,0.004595,NA,NA,NA,-120.799177460839,36.6967423632517,-120.799177460839
"495",495,4.9,3.36,1.74,15,7,4,0,0,696596.1,4063480,7.781851,5.376967,0.003683,NA,NA,NA,-120.799328551853,36.6966640406148,-120.799328551853
"496",496,4.5,3.5,1.6,13.19,7,5,0,0,696591.1,4063472,10.22621,6.533226,0.002187,NA,NA,NA,-120.799386538779,36.6965930091236,-120.799386538779
"497",497,3.5,2.64,1.24,6,7,3,0,0,696591.3,4063453,14.7696,6.540105,0.001557,NA,NA,NA,-120.799389182095,36.696421811494,-120.799389182095
"498",498,3.16,2.57,1.55,6.59,7,2,0,0,696613.9,4063467,14.75126,5.242521,0.004235,NA,NA,NA,-120.799132773955,36.6965432514017,-120.799132773955
"499",499,7.04,5.97,1.64,36.09,7,6,0,0,696613,4063476,14.78544,5.850383,0.004171,NA,NA,NA,-120.799140529563,36.6966245115963,-120.799140529563
"500",500,3.95,2.2,1.9,8.65,7,3,0,0,696626.9,4063488,16.35563,5.306866,0.005225,NA,NA,NA,-120.798981955849,36.6967297345181,-120.798981955849
"501",501,3.82,2.7,2,10.8,7,2,0,0,696623.4,4063491,16.26987,4.876147,0.005393,3.366667,9,1,-120.79902033747,36.6967574833107,-120.79902033747
"502",502,2.68,2.32,1.24,4.04,7,3,0,0,696635.8,4063500,22.98258,4.414756,0.004162,NA,NA,NA,-120.798879313742,36.6968359917539,-120.798879313742
"503",503,5.42,5.17,1.69,24.8,7,8,0,0,696643,4063504,11.20143,3.686085,0.004364,NA,NA,NA,-120.798797743832,36.6968705348858,-120.798797743832
"504",504,4.7,3.31,2.1,17.11,7,3,0,0,696646.5,4063496,11.84172,4.152552,0.003854,NA,NA,NA,-120.798760646987,36.6967977449235,-120.798760646987
"505",505,4.22,3.2,2.04,14.42,7,2,0,0,696648.5,4063499,9.738316,4.029266,0.004029,NA,NA,NA,-120.79873750333,36.6968243557472,-120.79873750333
"506",506,4.46,3.4,1.63,12.94,7,4,0,0,696663,4063495,4.212245,2.497171,0.003534,NA,NA,NA,-120.798576328358,36.6967853224369,-120.798576328358
"507",507,7.75,5.3,1.67,35.92,7,7,0,0,696630.1,4063466,14.47839,4.287657,0.003849,NA,NA,NA,-120.798951811752,36.6965308915789,-120.798951811752
"508",508,4.25,3.12,1.4,9.72,7,2,0,0,696634.1,4063457,13.49237,5.675552,0.003053,7.95,2,4,-120.798909378658,36.6964489899896,-120.798909378658
"509",509,3.98,3.87,1.53,12.34,7,1,0,0,696632.5,4063446,12.58621,5.803763,0.002531,NA,NA,NA,-120.798930103003,36.6963502305933,-120.798930103003
"510",510,1.5,1.17,0.88,0.81,7,3,0,0,696630.9,4063438,12.26044,6.940893,0.002256,NA,NA,NA,-120.798950056522,36.6962784958557,-120.798950056522
"511",511,4.47,3.87,1.92,17.39,7,6,0,0,696643.1,4063447,11.94503,8.02926,0.003017,NA,NA,NA,-120.798811270895,36.6963570456302,-120.798811270895
"512",512,6.3,4.82,1.69,26.87,7,5,0,0,696657,4063464,14.57971,7.117946,0.003888,NA,NA,NA,-120.79865141253,36.6965073092193,-120.79865141253
"513",513,4.4,4.39,1.91,19.32,6,8,0,0,696682.3,4063479,16.31188,2.855623,0.005016,NA,NA,NA,-120.798364542818,36.6966371969352,-120.798364542818
"514",514,6.59,5.21,2.13,38.29,6,5,0,0,696680.6,4063473,28.71704,3.432275,0.004816,NA,NA,NA,-120.798385101601,36.6965834994466,-120.798385101601
"515",515,0.71,0.67,0.59,0.15,6,3,0,0,696684,4063467,13.88872,3.261338,0.004444,NA,NA,NA,-120.798348609923,36.6965287465009,-120.798348609923
"516",516,2.38,2.16,1.19,3.2,6,4,0,0,696681.3,4063465,18.41778,3.645603,0.004355,NA,NA,NA,-120.798379327074,36.6965112888371,-120.798379327074
"517",517,2.23,1.96,0.93,2.13,7,3,0,0,696679.2,4063464,20.97404,3.818466,0.004189,NA,NA,NA,-120.798403075411,36.696502715214,-120.798403075411
"518",518,4.77,2.99,1.88,14.04,7,7,0,0,696679.4,4063459,23.93794,4.080089,0.003868,6,2,3,-120.79840212308,36.6964576327333,-120.79840212308
"519",519,7.06,5.49,2.1,42.62,7,8,0,0,696671.7,4063435,3.218858,4.74101,0.003563,NA,NA,NA,-120.798494425398,36.6962430289529,-120.798494425398
"520",520,4.12,3.42,1.7,12.54,7,5,0,0,696653.5,4063433,9.397048,6.003096,0.002706,NA,NA,NA,-120.798698530316,36.6962287786281,-120.798698530316
"521",521,4.32,4.29,1.4,13.59,7,7,0,0,696657.9,4063423,3.218858,5.052567,0.001927,NA,NA,NA,-120.798651880078,36.6961377859695,-120.798651880078
"522",522,2.84,2.2,1.26,4.12,7,2,0,0,696656.8,4063421,3.218858,5.054475,0.001842,NA,NA,NA,-120.798664698921,36.6961199971443,-120.798664698921
"523",524,3.86,3.3,1.51,10.07,3,7,0,0,696690.2,4063377,14.29758,4.974707,0.002528,NA,NA,NA,-120.798302384272,36.6957167237401,-120.798302384272
"524",525,6.32,4.55,1.68,25.3,6,7,0,0,696697.3,4063397,4.981306,4.876204,0.003814,NA,NA,NA,-120.798217821911,36.6958954186989,-120.798217821911
"525",526,5.2,4.9,2.4,32.02,6,7,0,0,696697.9,4063406,4.983132,4.713953,0.003779,NA,NA,NA,-120.798208797105,36.6959763684814,-120.798208797105
"526",527,3.31,3.26,1.32,7.46,6,5,0,0,696705.4,4063404,5.502676,5.080872,0.004922,NA,NA,NA,-120.798125414056,36.6959567997831,-120.798125414056
"527",528,4.88,3.13,1.75,14,6,4,0,0,696697.6,4063415,6.48869,3.278162,0.005036,NA,NA,NA,-120.798209839936,36.6960575045303,-120.798209839936
"528",529,4.63,3.45,2.2,18.4,6,3,0,0,696688.1,4063423,4.331064,0.662756,0.004747,NA,NA,NA,-120.798314053736,36.6961315363949,-120.798314053736
"529",530,7.3,5.8,1.93,42.79,6,5,0,0,696694.3,4063440,8.96495,2.826144,0.00479,NA,NA,NA,-120.798240329607,36.6962833929511,-120.798240329607
"530",531,8.8,6.4,2.15,63.4,6,5,0,0,696695.8,4063444,7.799771,1.932079,0.005194,NA,NA,NA,-120.798222522095,36.6963191153748,-120.798222522095
"531",532,2.6,2.4,0.95,3.1,6,3,0,0,696709.6,4063444,9.647925,0.847528,0.004907,NA,NA,NA,-120.798068150787,36.696316259159,-120.798068150787
"532",533,6,5.4,2.25,38.17,6,4,0,0,696713.1,4063443,9.443915,1.232472,0.005549,NA,NA,NA,-120.798029255676,36.6963065265085,-120.798029255676
"533",534,2.8,2.65,1.63,6.33,6,3,0,0,696713.5,4063437,8.645643,1.709741,0.005917,NA,NA,NA,-120.798026323326,36.6962523944179,-120.798026323326
"534",535,4.5,3.8,1.55,13.88,6,4,0,0,696715.7,4063434,8.116083,1.996944,0.006746,NA,NA,NA,-120.798002484527,36.6962249144043,-120.798002484527
"535",536,2.9,2.5,1.4,5.31,6,2,0,0,696713.1,4063432,7.664876,2.037052,0.006858,NA,NA,NA,-120.798032082996,36.6962074361294,-120.798032082996
"536",537,5.44,4.85,2.53,34.95,6,6,0,0,696702.6,4063431,8.158912,2.329312,0.005204,NA,NA,NA,-120.798149796271,36.6962006011683,-120.798149796271
"537",538,2.2,2.6,1.7,5.09,7,5,1,0,696584.8,4063603,8.036289,9.198961,0.003931,11.38,4,4,-120.79942336255,36.6977743895684,-120.79942336255
"538",539,2.8,2.7,1.45,5.74,7,3,0,0,696590.8,4063615,6.743076,10.75022,0.003172,6.11,1,4,-120.799353160597,36.6978812470581,-120.799353160597
"539",540,1.3,0.8,0.94,0.51,7,0,0,0,696595.1,4063615,4.776339,10.21468,0.002686,6.54,1,1,-120.79930505838,36.6978803575237,-120.79930505838
"540",541,2.4,2,1.43,3.59,7,2,0,1,696593.9,4063620,6.358996,12.32197,0.00255,7.07,2,1,-120.799317197783,36.6979256468757,-120.799317197783
"541",542,3.4,2.8,0.5,2.49,7,0,0,0,696606.1,4063650,3.222646,15.13457,0.002214,NA,NA,NA,-120.799173014291,36.698193369601,-120.799173014291
"542",543,6,4.7,1.65,24.36,7,7,0,0,696571.3,4063634,4.811575,12.5317,0.004434,NA,NA,NA,-120.799566418137,36.6980564369863,-120.799566418137
"543",544,3.3,2.8,1.4,6.77,4,8,1,0,696562.4,4063605,19.70146,5.803357,0.005848,NA,NA,NA,-120.799673427536,36.6977970393964,-120.799673427536
"544",545,3.24,2.75,1.45,6.76,4,5,0,0,696561.6,4063608,20.99682,6.752351,0.00566,NA,NA,NA,-120.799681606225,36.6978242295364,-120.799681606225
"545",546,4,3,1.75,11,7,7,0,0,696555.4,4063617,9.754072,9.807243,0.004632,NA,NA,NA,-120.799748651286,36.6979065859119,-120.799748651286
"546",547,3.75,3.2,1.55,9.74,7,4,0,0,696554.8,4063623,12.76495,10.40097,0.004162,NA,NA,NA,-120.799753822166,36.6979607593543,-120.799753822166
"547",548,2.54,2.2,1.13,3.31,7,4,0,0,696548.1,4063633,20.07935,12.52115,0.004321,NA,NA,NA,-120.799826203876,36.6980522273298,-120.799826203876
"548",549,3.15,2.9,1.27,6.07,7,3,0,0,696551.5,4063631,16.13312,12.19737,0.004234,NA,NA,NA,-120.79978868315,36.6980335076785,-120.79978868315
"549",550,4.3,3.15,1.31,9.29,7,3,0,0,696560.6,4063642,10.14029,14.59219,0.004732,NA,NA,NA,-120.799684059823,36.6981307159773,-120.799684059823
"550",551,2,1.89,1,1.98,7,3,0,0,696580.5,4063657,11.84535,14.02792,0.003806,5.89,4,2,-120.79945759328,36.6982617230569,-120.79945759328
"551",552,4.2,3.1,1.35,9.2,7,2,0,1,696581.1,4063652,11.72782,13.61603,0.003555,5.42,6,6,-120.799452165718,36.6982165578324,-120.799452165718
"552",553,2.85,2.7,1.52,6.12,7,4,0,0,696604.6,4063659,3.015025,13.77054,0.002478,NA,NA,NA,-120.799187481988,36.6982747539095,-120.799187481988
"553",554,3.4,2.7,1.17,5.62,7,3,0,0,696599.6,4063676,11.84281,11.56783,0.00259,NA,NA,NA,-120.799239047654,36.6984289280621,-120.799239047654
"554",555,3.25,2.97,1.37,6.92,7,6,0,0,696579.4,4063667,12.19256,14.53312,0.003288,6.01,1,6,-120.799467329756,36.6983520328192,-120.799467329756
"555",556,4.3,2.75,1.1,6.81,7,5,0,0,696577.4,4063673,12.62538,12.02392,0.002713,NA,NA,NA,-120.799488161746,36.6984064958639,-120.799488161746
"556",557,3.6,3.25,1.4,8.58,7,4,0,0,696572.7,4063661,12.13931,13.65941,0.003172,4.86,5,6,-120.79954382142,36.6982993694086,-120.79954382142
"557",558,2.75,2.5,1.27,4.57,7,3,0,0,696570.1,4063667,12.58156,14.23777,0.002709,NA,NA,NA,-120.799571365433,36.6983539565507,-120.799571365433
"558",559,2.7,2.5,1.15,4.06,7,3,0,0,696553,4063662,11.37549,10.57998,0.004467,NA,NA,NA,-120.799763941096,36.6983124523793,-120.799763941096
"559",560,1.4,1.3,0.78,0.74,7,2,0,0,696534.2,4063653,10.16772,10.1239,0.003609,NA,NA,NA,-120.799976561109,36.6982352665666,-120.799976561109
"560",561,3.9,3.1,1.3,8.23,7,5,0,0,696534.9,4063634,27.39487,10.60709,0.003224,NA,NA,NA,-120.799973610063,36.6980639655216,-120.799973610063
"561",562,4.35,4,1.7,15.49,7,5,0,0,696531.7,4063641,24.14909,10.08002,0.003182,NA,NA,NA,-120.800007609454,36.6981276848827,-120.800007609454
"562",563,4.45,3.37,1.35,10.6,7,5,0,0,696521.8,4063641,18.87208,8.743666,0.002359,NA,NA,NA,-120.800118356829,36.6981297322095,-120.800118356829
"563",564,4.1,3.44,1.6,11.82,7,3,0,0,696515.5,4063668,15.82386,5.386114,0.003836,NA,NA,NA,-120.800181898936,36.6983742571107,-120.800181898936
"564",565,3.65,3.8,1.28,9.3,7,1,0,0,696531.6,4063675,9.852791,6.810496,0.003272,NA,NA,NA,-120.799999996313,36.6984339852191,-120.799999996313
"565",566,2.9,2.5,1.07,4.06,7,3,0,0,696533.6,4063681,11.01222,5.56796,0.003458,NA,NA,NA,-120.799976082083,36.6984876209492,-120.799976082083
"566",567,6.2,5.8,1.73,32.57,7,6,0,0,696522.5,4063688,16.16163,4.706618,0.003489,NA,NA,NA,-120.800098456297,36.6985529740597,-120.800098456297
"567",568,4.5,3.5,2.2,18.14,7,6,0,0,696516.7,4063681,19.61674,4.691425,0.003812,NA,NA,NA,-120.800165136566,36.6984911158981,-120.800165136566
"568",569,3.9,3.8,1.4,10.86,7,8,0,0,696502.5,4063683,19.10118,4.321746,0.004365,NA,NA,NA,-120.800323473539,36.6985120687041,-120.800323473539
"569",570,5.4,4,1.75,19.79,7,7,0,0,696508.4,4063685,23.02057,4.159546,0.004038,NA,NA,NA,-120.80025695866,36.698528865148,-120.80025695866
"570",571,2,1.7,0.85,1.51,7,3,0,0,696510.4,4063696,17.46811,4.988498,0.004454,NA,NA,NA,-120.800231760603,36.6986275420642,-120.800231760603
"571",572,4.3,3.77,1.65,14.01,7,5,0,0,696523.8,4063697,15.38878,4.693669,0.004391,NA,NA,NA,-120.800081602329,36.6986337792461,-120.800081602329
"572",573,2.6,1.7,1.57,3.63,7,3,0,0,696512.5,4063707,12.92868,4.059867,0.003524,NA,NA,NA,-120.800205443806,36.6987261982925,-120.800205443806
"573",574,2.8,2.2,1.63,5.26,7,3,0,0,696511.3,4063709,10.40264,4.251762,0.003541,NA,NA,NA,-120.800218354242,36.6987444628915,-120.800218354242
"574",575,1.9,1.3,0.95,1.23,7,2,0,0,696507.4,4063718,6.656068,4.59754,0.003417,3.52,2,0,-120.800259671216,36.6988263433945,-120.800259671216
"575",576,2.1,1.6,1,1.76,7,3,0,0,696505.4,4063719,6.836069,4.758615,0.003391,3.56,1,2,-120.800281787838,36.6988357651895,-120.800281787838
"576",577,1.5,1.1,0.8,0.69,7,3,0,0,696507.3,4063721,7.63198,4.733437,0.003161,3.52,1,2,-120.800260019508,36.6988533887506,-120.800260019508
"577",578,3.4,3.1,1.43,7.89,5,4,0,0,696472.9,4063711,9.35043,6.554873,0.007257,6.02,3,4,-120.800647409877,36.6987704192738,-120.800647409877
"578",579,1.25,1.1,0.7,0.5,5,2,0,0,696480.7,4063718,14.95696,6.283669,0.007095,NA,NA,NA,-120.800558356309,36.6988318641949,-120.800558356309
"579",580,2.6,2.2,0.8,2.4,5,2,0,0,696477.9,4063723,12.22161,7.074157,0.006678,NA,NA,NA,-120.800588395321,36.698877484251,-120.800588395321
"580",581,2.6,1.75,1.12,2.67,5,3,0,0,696482.1,4063729,8.885431,5.764241,0.005792,8.86,2,2,-120.800539870549,36.6989306652359,-120.800539870549
"581",582,2.85,1.96,0.98,2.87,5,3,0,0,696477.2,4063743,10.57047,5.657697,0.003672,9.59,2,4,-120.800591090915,36.6990577935332,-120.800591090915
"582",583,3.9,3.85,1.55,12.19,5,5,0,0,696469.7,4063739,9.441465,6.124751,0.005264,7.19,4,8,-120.80067601847,36.6990233112579,-120.80067601847
"583",584,3,2.5,1.04,4.08,5,4,0,0,696461,4063737,6.865342,6.235559,0.006998,8.34,3,6,-120.800773856562,36.6990070934631,-120.800773856562
"584",585,1.7,1.7,0.8,1.21,5,2,1,0,696454,4063732,10.87616,6.419057,0.007921,8.63,3,2,-120.800853447344,36.698963499458,-120.800853447344
"585",586,3.75,3,0.82,4.83,5,4,0,0,696448.8,4063748,5.059699,4.950597,0.005745,4.87,2,3,-120.800907510838,36.6991087061142,-120.800907510838
"586",587,2.3,2.15,1.24,3.21,5,5,0,0,696456.2,4063751,6.606655,4.294842,0.004943,6.81,2,3,-120.800823958688,36.6991342009992,-120.800823958688
"587",588,2.88,2.76,1.22,5.08,5,3,0,0,696467,4063753,9.479603,4.509671,0.004473,13.49,1,4,-120.800702628253,36.6991499846667,-120.800702628253
"588",589,3.28,3.05,1.54,8.07,5,5,0,0,696463.7,4063770,7.434961,2.429088,0.005124,15.06,3,4,-120.800735179952,36.6993038068001,-120.800735179952
"589",590,3.07,2.02,1.04,3.38,5,3,0,0,696446,4063757,3.680739,4.699847,0.006012,3.99,1,5,-120.800936523291,36.6991903590086,-120.800936523291
"590",591,3.82,3.1,1.33,8.25,5,5,0,0,696443.9,4063752,5.224514,5.082182,0.005944,2.41,2,5,-120.800961299068,36.699145751978,-120.800961299068
"591",592,4.98,4.26,1.58,17.55,5,6,0,0,696440,4063755,3.791971,5.78695,0.005947,1.88,0,7,-120.801004157296,36.6991735828723,-120.801004157296
"592",593,2.8,2.05,0.72,2.16,5,0,0,0,696443.7,4063757,3.526129,4.83251,0.005952,2.69,5,1,-120.800962252849,36.6991908344704,-120.800962252849
"593",594,2.83,2.26,0.96,3.21,5,1,0,0,696450.3,4063776,10.74194,3.460702,0.006019,11.94,9,3,-120.800883542449,36.6993606264379,-120.800883542449
"594",595,3.4,3.25,0.9,5.21,5,3,0,0,696453.9,4063784,10.43084,3.183328,0.005066,7.48,3,3,-120.80084121617,36.6994319480333,-120.80084121617
"595",596,4.16,2.86,1.45,9.03,5,3,0,0,696450.4,4063795,7.069047,3.206636,0.005942,5.23,5,5,-120.800877545969,36.6995317621104,-120.800877545969
"596",597,3.68,2.46,1.22,5.78,5,4,0,0,696430.8,4063787,7.042116,4.223761,0.00647,7.46,4,4,-120.801098861136,36.6994637479949,-120.801098861136
"597",598,4,2.5,1.28,6.7,5,3,0,0,696423.6,4063806,10.82489,1.514991,0.007613,11.25,9,6,-120.801174528971,36.6996363926547,-120.801174528971
"598",599,2.47,2.42,1.01,3.16,5,4,0,0,696433.7,4063797,8.736853,3.173984,0.006784,7.55,6,4,-120.801063852349,36.6995532308294,-120.801063852349
"599",600,2.8,2.5,0.78,2.86,5,1,0,0,696443.5,4063810,3.373474,1.148149,0.005339,NA,NA,NA,-120.80095088419,36.6996683119623,-120.80095088419
"600",601,3.36,2.43,1.14,4.87,5,3,0,0,696439,4063818,3.607541,0.238104,0.004605,2.17,3,3,-120.800999171223,36.6997413080451,-120.800999171223
"601",602,1.4,1.4,0.76,0.78,5,4,0,0,696441.8,4063818,3.703076,0.389915,0.004469,NA,NA,NA,-120.800967848059,36.6997407292236,-120.800967848059
"602",603,1.75,1.43,0.86,1.13,5,7,0,0,696436.4,4063821,1.756574,0.123871,0.004486,NA,NA,NA,-120.801027486882,36.6997688702022,-120.801027486882
"603",604,0.98,0.85,0.53,0.23,5,5,0,0,696435.2,4063817,3.577693,0.203178,0.005274,NA,NA,NA,-120.801041937942,36.6997330853461,-120.801041937942
"604",605,0.81,0.54,0.53,0.12,5,2,0,0,696432.9,4063805,7.26051,2.091764,0.006845,NA,NA,NA,-120.80107074816,36.6996254620371,-120.80107074816
"605",606,1.83,1.5,0.99,1.42,5,1,0,0,696436.3,4063789,7.174455,3.650602,0.006739,NA,NA,NA,-120.801036820295,36.6994806275344,-120.801036820295
"606",607,1.43,1.47,0.84,0.92,5,5,0,0,696437,4063784,7.797698,4.655609,0.006815,NA,NA,NA,-120.801030273076,36.6994354416852,-120.801030273076
"607",608,1.45,2.07,1.02,1.6,5,3,0,0,696438.8,4063778,7.238441,5.086367,0.006974,NA,NA,NA,-120.8010116771,36.6993810202172,-120.8010116771
"608",609,1.04,1.45,1.2,0.95,5,4,0,0,696436.7,4063777,6.350833,5.13675,0.007328,NA,NA,NA,-120.801035426072,36.699372446092,-120.801035426072
"609",610,1.36,1.58,1.1,1.24,5,5,0,0,696450.6,4063788,6.9868,3.211916,0.005059,NA,NA,NA,-120.800877105698,36.699468663164,-120.800877105698
"610",611,1.23,1.1,0.9,0.64,5,1,0,0,696429.5,4063797,12.58975,2.802403,0.00748,NA,NA,NA,-120.801110836983,36.6995540990169,-120.801110836983
"611",612,2.2,1.9,1.2,2.63,5,6,1,0,696407.6,4063820,4.007446,0.325337,0.007466,7.73,3,2,-120.801349924838,36.6997658150127,-120.801349924838
"612",613,1.1,0.8,0.9,0.41,5,5,1,0,696400.5,4063817,5.515808,0.695603,0.007042,NA,NA,NA,-120.801430121474,36.6997402577738,-120.801430121474
"613",614,2.2,1.6,0.9,1.66,5,4,1,0,696401.4,4063828,4.747557,0.368994,0.006806,9.71,5,3,-120.801417229977,36.6998391623073,-120.801417229977
"614",615,1.9,1.7,1.3,2.2,5,9,1,0,696425.3,4063835,0.469029,0.205769,0.005092,18.72,0,5,-120.801148067127,36.6998972799233,-120.801148067127
"615",616,1.08,1,0.84,0.48,5,8,0,0,696429.3,4063839,0.842487,0.129347,0.004112,NA,NA,NA,-120.801102292837,36.6999324860033,-120.801102292837
"616",617,2.23,2.4,1.12,3.14,5,9,0,0,696426.9,4063850,1.142511,-9999,0.00247,11.42,3,3,-120.801126317604,36.7000320726318,-120.801126317604
"617",618,3.2,1.9,1,3.18,5,6,1,1,696418.1,4063858,1.74366,-9999,0.002538,5.17,2,2,-120.80122270868,36.7001059574772,-120.80122270868
"618",619,2.63,2.9,1.07,4.27,5,6,0,0,696414.1,4063855,1.121067,-9999,0.00274,5.4,1,5,-120.801268226337,36.7000797595836,-120.801268226337
"619",620,0.96,1.07,0.81,0.44,5,8,0,0,696410.8,4063848,1.264855,-9999,0.003763,6.13,2,2,-120.801306939868,36.7000173840648,-120.801306939868
"620",621,2.8,3,1.3,5.72,5,9,1,0,696406.5,4063844,1.796161,0.40639,0.004966,9.33,2,1,-120.801356070186,36.6999822399115,-120.801356070186
"621",622,2.33,2.55,1.01,3.14,5,5,0,0,696394.7,4063847,2.977353,0.409035,0.004252,1.64,0,2,-120.801487305417,36.7000117034527,-120.801487305417
"622",623,1.28,1.4,0.82,0.77,5,2,0,0,696382.9,4063833,0.619553,0.533092,0.005468,1.77,1,1,-120.801622903717,36.6998880269014,-120.801622903717
"623",624,1.27,0.92,0.93,0.57,5,3,0,0,696382,4063833,0.69736,0.538811,0.005377,1.95,2,4,-120.801632971901,36.6998882128973,-120.801632971901
"624",625,2.65,2.97,0.97,4,5,3,0,0,696381.4,4063834,0.911188,0.562743,0.005013,6.77,4,6,-120.801639427381,36.6998973451267,-120.801639427381
"625",626,5.34,4.8,1.43,19.19,5,5,0,0,696374.3,4063837,2.634443,0.59312,0.003851,NA,NA,NA,-120.801718084274,36.6999258370931,-120.801718084274
"626",627,0.75,0.6,0.83,0.2,5,4,0,0,696370.4,4063827,1.032424,0.338763,0.004327,10.55,2,0,-120.801764279367,36.6998365607011,-120.801764279367
"627",628,2.23,3.67,1.5,6.43,5,6,0,0,696370.2,4063823,0.871382,0.315096,0.00467,11.29,2,0,-120.801767543245,36.6998005690968,-120.801767543245
"628",629,5.72,4.55,1.74,23.71,5,7,0,1,696363.6,4063795,2.149087,-9999,0.002839,7.82,1,7,-120.801848561761,36.6995497023969,-120.801848561761
"629",630,2.86,4.54,1.05,7.14,5,5,0,0,696373.9,4063807,0.999257,0.537557,0.006004,NA,NA,NA,-120.80173025795,36.6996556727553,-120.80173025795
"630",631,2.71,1.95,0.72,1.99,5,6,0,0,696377.9,4063801,1.935351,0.722585,0.005718,8.67,4,4,-120.801687050406,36.6996007967415,-120.801687050406
"631",632,3.01,3.79,1.28,7.65,5,6,0,0,696382.7,4063814,3.176373,0.478958,0.006829,9.4,2,5,-120.801630017299,36.6997169118128,-120.801630017299
"632",633,3.2,2.72,1.19,5.42,5,5,0,0,696390.7,4063823,2.82634,0.347277,0.006427,NA,NA,NA,-120.801538212668,36.6997963325805,-120.801538212668
"633",634,0.7,0.6,0.7,0.15,5,6,1,0,696399.4,4063809,5.605277,0.989117,0.006893,6.42,3,7,-120.801444480311,36.6996684192673,-120.801444480311
"634",635,5.04,3.12,1.49,12.27,5,7,0,0,696393.4,4063813,8.33383,0.418083,0.007472,NA,NA,NA,-120.801510574715,36.6997056922468,-120.801510574715
"635",636,0.63,0.59,0.7,0.14,5,5,0,0,696401.7,4063809,5.214225,0.983542,0.00674,NA,NA,NA,-120.801418750586,36.6996679439045,-120.801418750586
"636",637,1.27,1.05,0.9,0.63,5,5,0,0,696401.5,4063808,5.101856,0.982389,0.006682,NA,NA,NA,-120.801421244619,36.699658977009,-120.801421244619
"637",638,3.9,3.4,1.1,7.64,5,5,1,1,696376.9,4063791,1.487611,0.737007,0.004092,9.12,5,4,-120.801700803553,36.6995109210612,-120.801700803553
"638",639,3.64,2.78,1.13,5.99,5,3,0,0,696382.3,4063771,3.427789,1.747873,0.002953,13.05,1,3,-120.801645527491,36.6993296404499,-120.801645527491
"639",640,2.1,2.38,1.12,2.93,5,5,0,0,696385.2,4063786,2.920959,1.712415,0.005322,9.17,2,2,-120.801609236192,36.6994641646361,-120.801609236192
"640",641,0.96,0.97,1,0.49,5,4,0,0,696396.2,4063784,4.050736,2.952516,0.004957,8.91,2,2,-120.801486694616,36.6994438748277,-120.801486694616
"641",642,3.55,3.68,1.66,11.35,5,4,0,0,696386.9,4063791,2.789757,1.941888,0.005595,13.24,6,5,-120.801588935398,36.6995088544741,-120.801588935398
"642",643,3.15,2.65,1.41,6.16,5,5,0,0,696412.1,4063794,8.859744,2.835585,0.007286,8.32,6,5,-120.801306257665,36.6995306709027,-120.801306257665
"643",644,3.34,3.73,1.73,11.28,5,6,0,0,696410.9,4063797,7.790631,2.038775,0.007158,9.18,7,6,-120.801318911816,36.6995579436243,-120.801318911816
"644",645,1.5,1.3,0.89,0.91,5,4,0,0,696410.3,4063780,5.629946,4.330708,0.006443,10.45,0,5,-120.801329987375,36.6994049277047,-120.801329987375
"645",646,3.6,2.6,1.7,8.33,5,8,1,0,696409.5,4063770,4.706817,5.107743,0.004432,9.24,4,9,-120.801341503532,36.6993150107383,-120.801341503532
"646",647,4.25,6.48,1.09,15.72,5,6,0,0,696411.6,4063763,5.971559,4.892864,0.003349,11.11,6,8,-120.801319807999,36.6992515190736,-120.801319807999
"647",648,2.1,1.9,1.2,2.51,5,8,1,0,696417,4063753,7.143412,4.892971,0.003381,13.84,4,5,-120.80126196621,36.6991603206293,-120.80126196621
"648",649,3.56,5.6,1.48,15.45,5,5,0,0,696428.1,4063745,8.870073,5.128325,0.004247,6.26,3,9,-120.801139846704,36.6990859604262,-120.801139846704
"649",650,4.2,2.6,1.2,6.86,5,5,1,1,696433.4,4063725,13.08099,5.921048,0.003446,3.02,1,6,-120.801085690899,36.6989047002672,-120.801085690899
"650",651,1.7,1.5,1.2,1.6,5,6,1,0,696437.9,4063721,14.30667,6.407787,0.00331,5.72,1,2,-120.801036377456,36.698867737147,-120.801036377456
"651",652,3.03,2.84,0.94,4.24,5,3,0,0,696443.9,4063714,10.37626,7.070086,0.005157,7.68,7,4,-120.800971054122,36.6988034392402,-120.800971054122
"652",653,5.42,3.1,0.8,7.04,5,3,0,0,696449.4,4063722,16.30571,6.588789,0.006746,5.94,1,6,-120.80090747349,36.6988743681103,-120.80090747349
"653",654,4.41,5.49,1.51,19.14,5,2,0,0,696460.1,4063714,14.80722,7.492963,0.007173,2.82,1,6,-120.800789829466,36.6988000902607,-120.800789829466
"654",655,3.25,3.68,1.42,8.89,5,7,0,0,696465.5,4063708,10.72671,7.738835,0.00727,4.24,0,7,-120.800730961679,36.6987449245001,-120.800730961679
"655",656,4.65,4.46,1.25,13.57,5,6,0,0,696465.2,4063705,8.853298,7.595446,0.006584,NA,NA,NA,-120.800735087898,36.6987179618356,-120.800735087898
"656",657,1,1.68,0.63,0.55,5,0,0,0,696467.7,4063703,7.980783,7.056644,0.006095,NA,NA,NA,-120.800707634643,36.6986994285238,-120.800707634643
"657",658,1.05,0.83,0.71,0.32,5,1,0,0,696467.8,4063703,7.9263,6.939299,0.006064,NA,NA,NA,-120.800706515974,36.6986994078495,-120.800706515974
"658",659,1.25,1.33,0.6,0.52,5,1,0,0,696467,4063703,7.648899,6.991831,0.006061,NA,NA,NA,-120.800715465327,36.6986995732436,-120.800715465327
"659",660,0.92,0.67,0.82,0.26,5,3,0,0,696468,4063701,7.04046,6.685543,0.005983,NA,NA,NA,-120.800704792116,36.6986813500433,-120.800704792116
"660",661,1.28,1.95,0.94,1.23,5,3,0,0,696469.1,4063698,4.986835,6.611788,0.005671,NA,NA,NA,-120.800693256981,36.6986540979391,-120.800693256981
"661",662,1.1,0.66,0.73,0.28,5,8,0,0,696466,4063693,4.288414,6.571406,0.005137,NA,NA,NA,-120.800729219386,36.6986096976953,-120.800729219386
"662",663,4.54,4.65,1.64,18.13,5,8,0,0,696462.7,4063693,5.204841,6.420129,0.005332,NA,NA,NA,-120.800766135425,36.698610379933,-120.800766135425
"663",664,2.9,1.88,0.96,2.74,5,5,0,0,696470.3,4063691,2.898159,5.47638,0.005218,NA,NA,NA,-120.800681630154,36.6985907922443,-120.800681630154
"664",665,2.89,2.26,1.45,4.96,5,9,0,0,696473.6,4063684,4.070323,5.616706,0.004961,NA,NA,NA,-120.800646511345,36.6985270523803,-120.800646511345
"665",666,2.34,2.25,1,2.76,5,6,0,0,696479.4,4063682,8.660722,5.354199,0.00499,NA,NA,NA,-120.800582142191,36.6985078367689,-120.800582142191
"666",667,1.93,2.54,1.39,3.57,7,7,0,0,696490.1,4063668,8.715583,4.044645,0.00239,NA,NA,NA,-120.800466039629,36.6983795092558,-120.800466039629
"667",668,2.94,3.52,1.72,9.32,7,6,0,0,696564.1,4063587,16.18324,6.646271,0.005096,NA,NA,NA,-120.799659033751,36.6976345397436,-120.799659033751
"668",669,4.62,5.02,1.73,21.01,4,7,0,0,696558,4063591,15.71901,6.127442,0.006169,NA,NA,NA,-120.799726244202,36.6976718343231,-120.799726244202
"669",670,2.78,2.72,0.79,3.13,4,4,0,0,696556.3,4063596,16.29,5.371457,0.005923,NA,NA,NA,-120.799743977099,36.6977172270552,-120.799743977099
"670",671,4.04,4.26,1.74,15.68,4,4,0,0,696547.1,4063585,9.140238,5.63922,0.007391,NA,NA,NA,-120.799849718417,36.697620039358,-120.799849718417
"671",672,3.56,4.32,1.92,15.46,4,5,0,0,696556.1,4063580,10.73823,5.803563,0.006546,NA,NA,NA,-120.799750323873,36.6975731368276,-120.799750323873
"672",673,4.26,2.66,1.53,9.08,4,3,0,0,696539.9,4063576,13.2404,6.134645,0.00774,NA,NA,NA,-120.7999325728,36.6975404543904,-120.7999325728
"673",674,2.75,3.52,1.05,5.32,4,3,0,0,696535.3,4063571,18.22702,7.052832,0.007804,NA,NA,NA,-120.799985314845,36.6974963645748,-120.799985314845
"674",675,3.36,3.56,0.69,4.32,4,4,0,0,696541.2,4063568,18.16766,5.939521,0.007636,NA,NA,NA,-120.799920084891,36.6974681197297,-120.799920084891
"675",676,2.81,3.98,0.98,5.74,4,2,0,0,696534.5,4063563,17.11103,6.006208,0.006937,NA,NA,NA,-120.799996318543,36.6974244642075,-120.799996318543
"676",677,2.83,2.94,1.58,6.88,4,6,0,0,696532.6,4063562,17.62427,6.094005,0.006917,NA,NA,NA,-120.800017829703,36.6974158489059,-120.800017829703
"677",678,3.22,3.47,1.94,11.35,4,5,0,0,696529.2,4063568,18.28372,6.295144,0.007111,NA,NA,NA,-120.80005432298,36.6974706013854,-120.80005432298
"678",679,4.28,3.76,1.9,16.01,4,5,0,0,696523.7,4063563,18.25022,6.333295,0.007057,NA,NA,NA,-120.80011713276,36.6974266976249,-120.80011713276
"679",680,3.74,3.9,1.03,7.87,4,7,0,0,696526.8,4063559,18.28389,6.287068,0.006338,NA,NA,NA,-120.800083481806,36.6973900236561,-120.800083481806
"680",681,2.42,2.54,0.87,2.8,7,7,0,0,696530.6,4063556,16.38345,5.841348,0.005337,NA,NA,NA,-120.800041743534,36.6973622131463,-120.800041743534
"681",682,5.15,5.08,1.97,26.99,7,5,0,0,696524,4063544,16.14152,5.731465,0.004027,NA,NA,NA,-120.800118655931,36.697255479269,-120.800118655931
"682",683,5.1,5.35,1.75,25,7,6,0,0,696501,4063552,16.80503,6.945409,0.003108,NA,NA,NA,-120.800373890819,36.6973323010216,-120.800373890819
"683",684,1.4,1.55,0.92,1.05,4,6,0,0,696516.6,4063569,16.80503,6.704123,0.006592,NA,NA,NA,-120.800195016203,36.6974822151888,-120.800195016203
"684",685,5.45,3.6,2.49,25.58,4,6,0,0,696509.4,4063578,11.10025,6.53914,0.005653,NA,NA,NA,-120.800273248072,36.6975647780664,-120.800273248072
"685",686,3.13,2.85,1.08,5.04,7,5,0,0,696503.6,4063582,9.5,6.987079,0.003318,NA,NA,NA,-120.80033710282,36.6976020102755,-120.80033710282
"686",687,4.05,5.26,1.49,16.62,7,6,0,0,696503.7,4063586,9.23443,7.010277,0.003477,NA,NA,NA,-120.800334957075,36.6976380225109,-120.800334957075
"687",688,4.06,3.46,1.47,10.81,4,3,0,0,696518,4063575,14.5286,6.57595,0.006613,NA,NA,NA,-120.800177814347,36.6975359750529,-120.800177814347
"688",689,3.93,2.89,1.55,9.22,4,5,0,0,696526.8,4063585,16.76471,5.456618,0.007375,NA,NA,NA,-120.800076804963,36.6976242375529,-120.800076804963
"689",690,4.07,2.93,1.81,11.3,4,4,0,0,696522.1,4063590,12.57546,6.368989,0.00658,NA,NA,NA,-120.800128097671,36.6976702506215,-120.800128097671
"690",691,2.57,2.26,1.25,3.8,4,6,0,0,696535,4063587,11.81427,5.856614,0.00806,NA,NA,NA,-120.799984561789,36.6976405582345,-120.799984561789
"691",692,3.74,3.18,1.49,9.28,4,2,0,0,696534.8,4063590,11.61685,6.325636,0.007868,NA,NA,NA,-120.799986028654,36.6976676242737,-120.799986028654
"692",693,2.53,2.93,1.56,6.05,4,8,0,0,696537.2,4063590,10.2908,6.462524,0.007671,NA,NA,NA,-120.799959180967,36.697667127937,-120.799959180967
"693",694,3.79,5.14,1.53,15.61,4,5,0,0,696549.8,4063598,14.70381,6.355827,0.005892,NA,NA,NA,-120.799816175952,36.6977365878693,-120.799816175952
"694",695,3.7,3.8,2,14.72,4,9,1,0,696538,4063614,17.68744,8.54566,0.00557,5.11,3,4,-120.799944068067,36.6978831599042,-120.799944068067
